cash_annual,cost_bps,candidate,horizon_days,phase_offset,aggregate,cagr_full,sharpe_full,max_dd_full,ulcer_full,cvar5_full,dsr,cagr_disc,sharpe_disc,cagr_conf,sharpe_conf,max_dd_conf,ulcer_conf,phase_top2_sharpe,cost_drag
0.0,15,N0,63,0,phase,0.11387302964566559,1.1728584090307788,-0.15817211752298865,5.94325220966183,-0.014035137385072779,0.5957653611306465,0.17911177628347552,1.5849148500193317,0.04478394188337398,0.5841207966190793,-0.12298409158450574,6.718867041806497,,
0.0,15,N0,63,15,phase,0.11090513200477625,1.2935833152165472,-0.16821736165961698,6.488948604789174,-0.011813138085827691,0.6877943998496374,0.1340783144414286,1.6575076325001776,0.033260553410659144,0.41545129241233625,-0.16821736165961687,9.050225923185016,,
0.0,15,N0,63,31,phase,0.11453586321291409,1.3151181757388015,-0.16140793176243762,5.82478955370546,-0.012442201346611304,0.6739850757029909,0.16460167507601886,1.7139290520034356,0.04258657043578773,0.5578806092594162,-0.16140793176243784,8.11090599836044,,
0.0,15,N0,63,47,phase,0.12648426419361014,1.3352694123910827,-0.14586054591096909,6.5730955463891485,-0.013168697838456287,0.6892622076628319,0.13242714458752736,1.4662209656658673,0.1136493364353317,1.1197161042822146,-0.14586054591096909,8.12841472684574,,
0.0,15,N0,63,-1,median,0.11420444642928984,1.3043507454776744,-0.15979002464271314,6.216100407225502,-0.012805449592533796,0.6808897377763141,0.14933999475872373,1.6212112412597546,0.043685256159580854,0.5710007029392478,-0.15363423883670346,8.11966036260309,0.75,0.0074398818869624295
0.0,15,N0,63,-2,worst,0.11090513200477625,1.1728584090307788,-0.16821736165961698,6.5730955463891485,-0.014035137385072779,,,,0.033260553410659144,0.41545129241233625,-0.16821736165961687,9.050225923185016,,
0.0,15,H21,21,0,phase,0.09723159053724473,1.1680443810600234,-0.15834464128842218,8.363948069641586,-0.011777805054416508,0.5832508595805962,0.08118220161885814,0.9450500998750905,0.06395340147735906,0.8250506221790546,-0.15322045272066476,8.461678267481698,,
0.0,15,H21,21,5,phase,0.09297510989612334,1.1174562267895116,-0.14083152014808764,6.990945647011775,-0.011876929488406034,0.5345289972057717,0.07315966558389864,0.8758713083798437,0.08621758213874431,1.0305570960667043,-0.14083152014808764,6.595085268358826,,
0.0,15,H21,21,10,phase,0.08677071980722317,1.0355854348114932,-0.13453013619338183,6.410871027057439,-0.012404227387462635,0.469558265910534,0.07859306399770127,0.8948717004574495,0.06304138220257993,0.794717291808868,-0.13453013619338183,7.1494188511202745,,
0.0,15,H21,21,15,phase,0.09812472651468429,1.2060854528414973,-0.14591123241067228,5.93620082231134,-0.011526892029857913,0.6037761010123948,0.10793385894951668,1.357138822215352,0.04882996498947145,0.6067265522406178,-0.14591123241067228,8.095888794550847,,
0.0,15,H21,21,-1,median,0.09510335021668403,1.1427503039247675,-0.14337137627937996,6.7009083370346065,-0.01182736727141127,0.558889928393184,0.07988763280827971,0.91996090016627,0.0634973918399695,0.8098839569939613,-0.14337137627937996,7.622653822835561,0.0,0.01646270535062666
0.0,15,H21,21,-2,worst,0.08677071980722317,1.0355854348114932,-0.15834464128842218,8.363948069641586,-0.012404227387462635,,,,0.04882996498947145,0.6067265522406178,-0.15322045272066476,8.461678267481698,,
0.0,15,H42,42,0,phase,0.11134124358993192,1.2639196614186567,-0.1272794565947596,6.179937090245362,-0.012813715354333548,0.6536432878730435,0.11089742232618183,1.1577739731058512,0.05138257503807098,0.6838098005026503,-0.11838212474557741,6.339894941172167,,
0.0,15,H42,42,10,phase,0.12291153491130458,1.3404558026071884,-0.13655682514129341,4.9672846062726475,-0.013119952387145403,0.6895517984964243,0.13241685580501894,1.3210791799786314,0.09604438801185688,1.1614870361919227,-0.1128527399658854,5.661680842372914,,
0.0,15,H42,42,21,phase,0.11485022472893291,1.2980555580114852,-0.14817127536798524,7.0626457465394035,-0.011987084466167901,0.6821437425248453,0.14282384995423203,1.5373316203549006,0.06950767936606495,0.8323003210656698,-0.14817127536798524,8.442813050830404,,
0.0,15,H42,42,31,phase,0.07970045407277215,0.9203561067675458,-0.18562422587859573,8.290586009565617,-0.012654783490831446,0.38624876766530086,0.09238121051950965,1.0202214331398207,0.03212851672758532,0.401385429540605,-0.18562422587859562,10.85527847658902,,
0.0,15,H42,42,-1,median,0.11309573415943242,1.280987609715071,-0.14236405025463933,6.621291418392383,-0.012734249422582496,0.6678935151989445,0.12165713906560038,1.2394265765422414,0.06044512720206796,0.7580550607841601,-0.13327670005678133,7.3913539960012855,0.75,0.00962818409863786
0.0,15,H42,42,-2,worst,0.07970045407277215,0.9203561067675458,-0.18562422587859573,8.290586009565617,-0.013119952387145403,,,,0.03212851672758532,0.401385429540605,-0.18562422587859562,10.85527847658902,,
0.0,15,H84,84,0,phase,0.09740008022791513,1.074833276779779,-0.13869817770944626,6.139628014121787,-0.01352545052025962,0.4920191551890254,0.17708655384114347,1.5732840341614647,0.023108226115003072,0.3656370215824946,-0.12299522449118705,6.864655242612557,,
0.0,15,H84,84,21,phase,0.1265738334935238,1.3339433585488658,-0.14971849677720384,6.535193713424237,-0.013304331709258795,0.7238671224464056,0.16275651206366337,1.6986784493861824,0.08578128674997498,0.9213179142078894,-0.14971849677720395,8.043769685286971,,
0.0,15,H84,84,42,phase,0.09414615340494303,0.9971544514559506,-0.13535683783874475,5.590469130064022,-0.014658474918380548,0.4630365305398384,0.08105019449425277,0.9274571279485725,0.043305076996116965,0.4745899547797472,-0.13535683783874453,6.055037777826676,,
0.0,15,H84,84,63,phase,0.13069073975769774,1.4505091267732986,-0.1625561320190888,5.807126998614163,-0.012219352091823395,0.7654538269856311,0.19385976186172638,1.9944494810108486,0.06376097703002515,0.753970153452326,-0.1625561320190887,8.476701191167688,,
0.0,15,H84,84,-1,median,0.11198695686071947,1.2043883176643224,-0.14420833724332505,5.973377506367975,-0.013414891114759207,0.6079431388177154,0.16992153295240342,1.6359812417738235,0.053533027013071055,0.6142800541160366,-0.14253766730797424,7.454212463949764,0.5,0.006517418794474872
0.0,15,H84,84,-2,worst,0.09414615340494303,0.9971544514559506,-0.1625561320190888,6.535193713424237,-0.014658474918380548,,,,0.023108226115003072,0.3656370215824946,-0.1625561320190887,8.476701191167688,,
0.0,30,N0,63,0,phase,0.11052702455238594,1.14124679376631,-0.15898894980656297,6.07407806817111,-0.014050483451901232,0.5709409842024972,0.1755498536446536,1.5570017683395436,0.04166535778910019,0.5465652156270686,-0.12465508562528493,6.886241790417557,,
0.0,30,N0,63,15,phase,0.10789182233525363,1.2604690935475489,-0.16957203051413217,6.602112486078902,-0.011824237880760854,0.6636518805308641,0.13131799567626734,1.6270984962575932,0.03021206430531076,0.3813812313249748,-0.16957203051413205,9.205805246466069,,
0.0,30,N0,63,31,phase,0.11149615789005107,1.2826085727975902,-0.16192764395085102,5.910493540062047,-0.012465586381155578,0.6507849867055461,0.16146522134931862,1.6833035476980964,0.03986390422404651,0.5254416430304366,-0.16192764395085113,8.224827032821743,,
0.0,30,N0,63,47,phase,0.12297053069574959,1.3012405663680953,-0.1467872645564714,6.671748824419596,-0.013186618592120362,0.6652561458848048,0.12916788810282065,1.4314099049664002,0.10984808687182612,1.0864449075785092,-0.1467872645564715,8.252652140185845,,
0.0,30,N0,63,-1,median,0.11101159122121851,1.2715388331725697,-0.160458296878707,6.3380952771250065,-0.01282610248663797,0.6572184336182051,0.14639160851279298,1.5920501322985685,0.04076463100657335,0.5360034293287526,-0.15435745425366132,8.238739586503794,0.75,0.0074398818869624295
0.0,30,N0,63,-2,worst,0.10789182233525363,1.14124679376631,-0.16957203051413217,6.671748824419596,-0.014050483451901232,,,,0.03021206430531076,0.3813812313249748,-0.16957203051413205,9.205805246466069,,
0.0,30,H21,21,0,phase,0.08969555616598379,1.0846618504044676,-0.1637576717122461,8.726645600710397,-0.011784937315187786,0.5172102791401411,0.07382822071032935,0.865715522813999,0.056789956373372474,0.7401272739367497,-0.15582595235188257,8.734311176801397,,
0.0,30,H21,21,5,phase,0.0863449875451785,1.042844251260973,-0.14317162447863774,7.259901795325534,-0.011897416506931753,0.47524428440163535,0.06652654367737809,0.8018605339498676,0.07948136431237529,0.9557487684582531,-0.14317162447863763,6.8061940312544325,,
0.0,30,H21,21,10,phase,0.0805044196263982,0.9650028052860952,-0.13676171306464502,6.617961871704154,-0.012490781357574624,0.4140948458439542,0.07225890400546531,0.8276930369148637,0.05665272205590677,0.718906896574689,-0.13676171306464513,7.389322379556367,,
0.0,30,H21,21,15,phase,0.09094273269385544,1.1235035455314035,-0.1480238163221308,6.150660058647613,-0.011553086948741888,0.5393371733054849,0.10053976653967878,1.2719177738781433,0.04210738076985909,0.5295421602457053,-0.1480238163221308,8.373775354466856,,
0.0,30,H21,21,-1,median,0.08802027185558114,1.0637530508327204,-0.14559772040038427,6.938931833514844,-0.01184117691105977,0.4962272817708882,0.07304356235789733,0.8467042798644313,0.05672133921463962,0.7295170852557193,-0.1455977204003842,7.881548867011611,0.0,0.01646270535062666
0.0,30,H21,21,-2,worst,0.0805044196263982,0.9650028052860952,-0.1637576717122461,8.726645600710397,-0.012490781357574624,,,,0.04210738076985909,0.5295421602457053,-0.15582595235188257,8.734311176801397,,
0.0,30,H42,42,0,phase,0.1073185198271791,1.222404254780985,-0.1286277092258482,6.285944194226232,-0.012830465345089167,0.6231802925947775,0.10707291112288386,1.1214026497798812,0.04741154364882427,0.6354121529949509,-0.11926928028577577,6.46625905398896,,
0.0,30,H42,42,10,phase,0.11871563201431368,1.2971228172386742,-0.13701209011620286,5.09250110676147,-0.01316970525967011,0.6595110996311002,0.12803591094311817,1.2805501977662601,0.09199505337651614,1.1141191407162698,-0.11462731468878617,5.820585223777031,,
0.0,30,H42,42,21,phase,0.11060372906395677,1.2536675890199318,-0.1498899034808554,7.217027213175855,-0.01198988476658537,0.6496629673299537,0.13827886188244976,1.4916101254954781,0.06552808946600708,0.7887128176737029,-0.1498899034808554,8.617543802731719,,
0.0,30,H42,42,31,phase,0.07558626097735166,0.8762873896146789,-0.18652068900677232,8.432024078717722,-0.012697525177977063,0.35254740150756236,0.08855124691641181,0.9803826024665698,0.027838110320661746,0.354436538473177,-0.1865206890067722,11.029776835718256,,
0.0,30,H42,42,-1,median,0.10896112444556794,1.2380359219004584,-0.14345099679852913,6.751485703701043,-0.012763995261533115,0.6364216299623655,0.11755441103300102,1.2009764237730707,0.056469816557415675,0.7120624853343269,-0.13457959188331559,7.541901428360339,0.75,0.00962818409863786
0.0,30,H42,42,-2,worst,0.07558626097735166,0.8762873896146789,-0.18652068900677232,8.432024078717722,-0.01316970525967011,,,,0.027838110320661746,0.354436538473177,-0.1865206890067722,11.029776835718256,,
0.0,30,H84,84,0,phase,0.09481354070675851,1.0484454789816304,-0.13869817770944626,6.215477767674178,-0.013525450520259632,0.4715202614412586,0.17428872751059177,1.5509549923845443,0.020717188911326012,0.33154929851547654,-0.12377713162381676,6.954437158632633,,
0.0,30,H84,84,21,phase,0.12356824782057862,1.3051102681758688,-0.15145226145180757,6.660390960586522,-0.013309147250967237,0.7039729580656995,0.15991267347835958,1.6718922132861862,0.08260322198468084,0.8901926569930085,-0.15145226145180757,8.217814164457367,,
0.0,30,H84,84,42,phase,0.09145400998405373,0.9715130660979517,-0.1382690163786533,5.707868924362164,-0.014677227549544895,0.4422282548332977,0.07859188949715601,0.9016255411549894,0.04061424589387652,0.4488911248353726,-0.1382690163786534,6.193733873186145,,
0.0,30,H84,84,63,phase,0.12789001923756382,1.4215484794083333,-0.1633276526578078,5.881099789180008,-0.012219352091823397,0.7475603883950024,0.19111795465554482,1.9677685617115257,0.06103169223334537,0.724329555934539,-0.1633276526578079,8.581011462809492,,
0.0,30,H84,84,-1,median,0.10919089426366857,1.1767778735787497,-0.1450752195806269,6.048288778427093,-0.013417298885613434,0.587746609753479,0.16710070049447567,1.6114236028353652,0.050822969063610945,0.5866103403849557,-0.1448606389152305,7.586125661545,0.5,0.006517418794474872
0.0,30,H84,84,-2,worst,0.09145400998405373,0.9715130660979517,-0.1633276526578078,6.660390960586522,-0.014677227549544895,,,,0.020717188911326012,0.33154929851547654,-0.1633276526578079,8.581011462809492,,
0.0,50,N0,63,0,phase,0.1060767580592954,1.0986351020407552,-0.16007805951799547,6.25097233221827,-0.014076638829436149,0.5369889338966514,0.17081243825863646,1.5192270008931157,0.0375175412564992,0.4963003663854508,-0.12688079622247905,7.111653335724463,,
0.0,50,N0,63,15,phase,0.10388315379163382,1.215831430973746,-0.171376647239199,6.753900484176804,-0.011849686805516442,0.6299955711226521,0.12764477783267547,1.5857461611056851,0.026157633398829816,0.33599109747086126,-0.17137664723919888,9.414194886499045,,
0.0,50,N0,63,31,phase,0.10745237102535943,1.2387353007621091,-0.16262059353540237,6.025870224048287,-0.012496766427214626,0.6185265225557045,0.15729240518604648,1.6418669481871377,0.03624169148891321,0.4819691335191193,-0.16262059353540248,8.377972826027579,,
0.0,50,N0,63,47,phase,0.11829771390004096,1.2552551254115125,-0.14802288941714103,6.80452929749147,-0.013210512930339128,0.6316759541301996,0.12483223277469913,1.3844297575575897,0.10479458292814825,1.0415147949252828,-0.14802288941714115,8.419702957223448,,
0.0,50,N0,63,-1,median,0.10676456454232741,1.2272833658679274,-0.16134932652669892,6.502436408197537,-0.012853639678776877,0.6242610468391783,0.14246859150936098,1.5524865809994004,0.0368796163727062,0.489134749952285,-0.1553217414762718,8.398837891625513,0.75,0.0074398818869624295
0.0,50,N0,63,-2,worst,0.10388315379163382,1.0986351020407552,-0.171376647239199,6.80452929749147,-0.014076638829436149,,,,0.026157633398829816,0.33599109747086126,-0.17137664723919888,9.414194886499045,,
0.0,50,H21,21,0,phase,0.07972003349082346,0.9723876772164008,-0.1709281749541196,9.222215019788601,-0.011811113815342781,0.4275754099542158,0.0640927943420806,0.7593695932575827,0.047306385961347175,0.6259392956281161,-0.159290553034094,9.101006985629626,,
0.0,50,H21,21,5,phase,0.07756125624129129,0.9428473074800563,-0.14628386412912442,7.630311564767013,-0.011941711715805742,0.39665584899869105,0.057740024808769386,0.702902587151764,0.07055836413094907,0.8554247910165806,-0.14628386412912464,7.09328549244737,,
0.0,50,H21,21,10,phase,0.07219952386540007,0.8706133683133565,-0.13973031789317658,6.915431604496075,-0.01262724881766179,0.3425646886668053,0.06386500931449945,0.7378804135585801,0.04818800221722519,0.6178325704894326,-0.13973031789317625,7.7136362747340455,,
0.0,50,H21,21,15,phase,0.08143242587112764,1.0125835368821818,-0.15083423561892295,6.445698347736083,-0.011595576254746469,0.4512311209160793,0.09074981033600782,1.1567509372782752,0.033204462166861015,0.42683471690822067,-0.15083423561892306,8.746351446504834,,
0.0,50,H21,21,-1,median,0.07864064486605737,0.9576174923482286,-0.14855904987402369,7.272871584631544,-0.011876412765574261,0.4121156294764534,0.06397890182829002,0.7486250034080815,0.04774719408928618,0.6218859330587744,-0.14855904987402385,8.22999386061944,0.0,0.01646270535062666
0.0,50,H21,21,-2,worst,0.07219952386540007,0.8706133683133565,-0.1709281749541196,9.222215019788601,-0.01262724881766179,,,,0.033204462166861015,0.42683471690822067,-0.159290553034094,9.101006985629626,,
0.0,50,H42,42,0,phase,0.10197300640743845,1.1663742955501237,-0.13067816133033172,6.448297538003578,-0.012874610744624098,0.5807312836265579,0.10198959672458918,1.072430587061849,0.04213577971231963,0.570404729005368,-0.12045172175822838,6.637044943336247,,
0.0,50,H42,42,10,phase,0.11314056627718516,1.2388520047022646,-0.13761911008274885,5.2634365000906636,-0.01325799494017923,0.6173738558413936,0.12221553282236752,1.2259955791009174,0.08661470580847919,1.0506451872723845,-0.11698993151581372,6.037457968608053,,
0.0,50,H42,42,21,phase,0.10496209371415066,1.1938496037366764,-0.15217783477222568,7.424668764210873,-0.012004374813433796,0.6040745071355929,0.13224161476420737,1.4299422040696037,0.06024065418005908,0.7301443916342159,-0.15217783477222546,8.852367204503455,,
0.0,50,H42,42,31,phase,0.07012048522328018,0.8171586687203335,-0.18771523926281752,8.621712805877031,-0.01277701880247685,0.3090943840784832,0.0834616527822285,0.9270275589843465,0.02214025384834284,0.291598214003437,-0.18771523926281752,11.263074038488103,,
0.0,50,H42,42,-1,median,0.10346755006079456,1.1801119496434,-0.14489847242748727,6.936483151107225,-0.012825814773550475,0.5924028953810754,0.11210256477347835,1.1492130830813831,0.05118821694618936,0.6502745603197919,-0.13631477826522692,7.7447060739198506,0.75,0.00962818409863786
0.0,50,H42,42,-2,worst,0.07012048522328018,0.8171586687203335,-0.18771523926281752,8.621712805877031,-0.01325799494017923,,,,0.02214025384834284,0.291598214003437,-0.18771523926281752,11.263074038488103,,
0.0,50,H84,84,0,phase,0.09137061427519977,1.0128683226756523,-0.13869817770944626,6.31757630757372,-0.013552905312494362,0.44396023208462715,0.17056433254871006,1.5207099654071732,0.017534692100199534,0.2859832249710567,-0.124819674467323,7.0751200251657265,,
0.0,50,H84,84,21,phase,0.11956846185728942,1.2660346180461577,-0.1537613144371477,6.8293172151750765,-0.013328570614318499,0.6759762251681604,0.15612714585446819,1.635404040581914,0.07837519494380807,0.8482439397216408,-0.15376131443714758,8.452314435327564,,
0.0,50,H84,84,42,phase,0.08787078340414234,0.9369094860769585,-0.1421407271015288,5.8670277264660475,-0.01470223105776399,0.4143770084616717,0.07531900642037503,0.8667922313389628,0.03703343524911884,0.4144322854746517,-0.1421407271015288,6.380671537234174,,
0.0,50,H84,84,63,phase,0.12416243584695286,1.3823233891965694,-0.16435634684276612,5.980654856294663,-0.012222065794330324,0.7221920510474692,0.18746799083777232,1.9314803493127366,0.05739968757455749,0.6844984282452986,-0.16435634684276612,8.721162605764064,,
0.0,50,H84,84,-1,median,0.1054695380662446,1.139451470360905,-0.14795102076933825,6.149115581934192,-0.01344073796340643,0.5599682286263937,0.16334573920158912,1.5780570029945435,0.047216561411838165,0.5494653568599752,-0.1479510207693382,7.763717230246645,0.5,0.006517418794474872
0.0,50,H84,84,-2,worst,0.08787078340414234,0.9369094860769585,-0.16435634684276612,6.8293172151750765,-0.01470223105776399,,,,0.017534692100199534,0.2859832249710567,-0.16435634684276612,8.721162605764064,,
0.06,15,N0,63,0,phase,0.12897856750589853,1.3145352397934797,-0.15601001838112227,5.402773540835382,-0.013999747309663727,0.7006517400014436,0.19332312617893166,1.6979609189313478,0.06072863387228722,0.7725860709791861,-0.11786009749622883,5.925478517506928,,
0.06,15,N0,63,15,phase,0.12600606641676748,1.4565083970547061,-0.1656651617281003,6.133832856506025,-0.011758570674323758,0.7935473274398293,0.15387655296771396,1.8850559285156498,0.04509081636319667,0.5450797422870101,-0.1656651617281002,8.655810011425073,,
0.06,15,N0,63,31,phase,0.12923954076933297,1.4703117732506734,-0.15746971629344864,5.40714086452079,-0.01239675865741672,0.7742670148310088,0.17824907836202275,1.8434338230654121,0.05673913390495966,0.7256982105219504,-0.15746971629344875,7.561427205401698,,
0.06,15,N0,63,47,phase,0.14296845117076762,1.4941753702596172,-0.14103356760518537,5.9672756938172515,-0.01312512080156664,0.7895890711963129,0.15402849268792806,1.6851906748960572,0.12303992870552483,1.203859031995204,-0.1410335676051856,7.492406614697993,,
0.06,15,N0,63,-1,median,0.12910905413761575,1.4634100851526899,-0.15673986733728545,5.68720827916902,-0.012760939729491681,0.7819280430136608,0.1661387855249754,1.77069737099838,0.05873388388862344,0.7491421407505683,-0.14925164194931717,7.526916910049845,0.5,0.007539470580201768
0.06,15,N0,63,-2,worst,0.12600606641676748,1.3145352397934797,-0.1656651617281003,6.133832856506025,-0.013999747309663727,,,,0.04509081636319667,0.5450797422870101,-0.1656651617281002,8.655810011425073,,
0.06,15,H21,21,0,phase,0.1131261032970774,1.3435820753732113,-0.14590012953833298,7.409905317561464,-0.01174366741858155,0.7123101757398811,0.09713085544872802,1.114869689973753,0.07934964644047326,1.0076706892644343,-0.14425291419032304,7.562527344640946,,
0.06,15,H21,21,5,phase,0.10838704610511152,1.2877173057562326,-0.1338683663689456,6.184361800987111,-0.011835733717858715,0.6644998994691316,0.0888378561181844,1.047693229266776,0.09945127326883685,1.1761883185840218,-0.1338683663689455,5.993598985536745,,
0.06,15,H21,21,10,phase,0.1019993387311231,1.2020216764371394,-0.12876508597588876,5.8295154914647735,-0.012373767708149967,0.6002755676485763,0.09308054525116582,1.0449981047736305,0.07715679052043956,0.9578613260366327,-0.1287650859758891,6.465785567601288,,
0.06,15,H21,21,15,phase,0.11404955657374383,1.3863829671221284,-0.14066963655467712,5.4330230703235625,-0.011484004786987991,0.7325134286635454,0.12665586522400019,1.57410872179854,0.0611744513850947,0.7455875506734638,-0.14066963655467712,7.435924143121368,,
0.06,15,H21,21,-1,median,0.11075657470109446,1.315649690564722,-0.13726900146181137,6.006938646225942,-0.011789700568220133,0.6884050376045063,0.09510570034994692,1.0812814596202645,0.07825321848045641,0.9827660076505335,-0.1372690014618113,6.950854855361328,0.25,0.016698216314560255
0.06,15,H21,21,-2,worst,0.1019993387311231,1.2020216764371394,-0.14590012953833298,7.409905317561464,-0.012373767708149967,,,,0.0611744513850947,0.7455875506734638,-0.14425291419032304,7.562527344640946,,
0.06,15,H42,42,0,phase,0.1283099338662712,1.4401046505529151,-0.12640563512296465,5.35446941922027,-0.012785650841475302,0.7694910008948421,0.1272825951224934,1.3127624244902332,0.06933136859444367,0.9023484991419941,-0.10627607452388066,5.2236205379731695,,
0.06,15,H42,42,10,phase,0.13948258443880057,1.5049737189774726,-0.13655682514129341,4.480699579363297,-0.013085346977426183,0.7907383452521182,0.14836910323351793,1.4647283346788342,0.11224737806213647,1.3417732211282147,-0.10757997635166361,5.024551824712396,,
0.06,15,H42,42,21,phase,0.12988341431583605,1.454092661970668,-0.14411176721937036,6.403084513081342,-0.011944728444801591,0.7842759356278828,0.159291276254921,1.6994405757684614,0.08187164888165421,0.9680884033167587,-0.14411176721937025,7.816748884804891,,
0.06,15,H42,42,31,phase,0.09379570159665196,1.069320436976541,-0.18166382836562434,7.664266269527702,-0.012612187165549623,0.5049646306682137,0.10608701825195133,1.1589049153833053,0.04409304954948823,0.5317813917554826,-0.18166382836562434,10.1057205432486,,
0.06,15,H42,42,-1,median,0.12909667409105363,1.4470986562617916,-0.14033429618033189,5.878776966150806,-0.012698919003512462,0.7768834682613625,0.13782584917800567,1.3887453795845337,0.07560150873804894,0.9352184512293764,-0.12584587178551693,6.52018471138903,0.75,0.009766372521926137
0.06,15,H42,42,-2,worst,0.09379570159665196,1.069320436976541,-0.18166382836562434,7.664266269527702,-0.013085346977426183,,,,0.04409304954948823,0.5317813917554826,-0.18166382836562434,10.1057205432486,,
0.06,15,H84,84,0,phase,0.11458085200650303,1.2484356245882289,-0.13869817770944626,5.423243067645831,-0.013482560311825237,0.6241066637046191,0.19018591390302952,1.6779400000786875,0.04377850649033799,0.656566223933471,-0.11504260892952578,5.815268468067733,,
0.06,15,H84,84,21,phase,0.14140612229980354,1.4777704311613338,-0.14843429844513845,6.023247307276992,-0.01325101000805787,0.8119677625412158,0.18143130531413854,1.8785598898643392,0.09642065409886302,1.0255702751127416,-0.14843429844513867,7.5470277794640275,,
0.06,15,H84,84,42,phase,0.110121179035503,1.1510998126347485,-0.11324082386155299,4.649197677214801,-0.014642714238345438,0.5876055523847163,0.10037334148592025,1.1291708952573656,0.05768512248028723,0.6121202405769033,-0.11324082386155321,4.771779478882565,,
0.06,15,H84,84,63,phase,0.1458947206890131,1.6066856971049857,-0.15906195094293862,5.3486986398549945,-0.012159021720406758,0.8488842912893657,0.2083808011994035,2.1324587465524654,0.07770270509955779,0.9048109927777188,-0.1590619509429385,7.844158100841502,,
0.06,15,H84,84,-1,median,0.12799348715315328,1.3631030278747813,-0.14356623807729235,5.385970853750413,-0.013366785159941552,0.7180372131229175,0.18580860960858403,1.7782499449715132,0.06769391378992251,0.7806886083555948,-0.13173845368733222,6.68114812376588,0.5,0.00661073290837022
0.06,15,H84,84,-2,worst,0.110121179035503,1.1510998126347485,-0.15906195094293862,6.023247307276992,-0.014642714238345438,,,,0.04377850649033799,0.6121202405769033,-0.1590619509429385,7.844158100841502,,
0.06,30,N0,63,0,phase,0.12558718631922927,1.2828608705736357,-0.15682894856667418,5.524678606262269,-0.014015093376492203,0.678307393024054,0.18971827314967604,1.670033589962824,0.0575624563370809,0.7348278664790375,-0.11954085437426687,6.082559968252261,,
0.06,30,N0,63,15,phase,0.1229517957413302,1.42322442255285,-0.1670239871802629,6.243733466821409,-0.0117696704692569,0.7738448115450921,0.15106804577621102,1.8546927000424251,0.04200742374042998,0.5107483843459679,-0.1670239871802629,8.810168156073955,,
0.06,30,N0,63,31,phase,0.12615973368894973,1.43770997263473,-0.15799186916626318,5.489541206697265,-0.012420144345499097,0.7548023699220452,0.17507587005235004,1.8126861981053775,0.053979508933667875,0.6932421253984027,-0.1579918691662633,7.672434850492387,,
0.06,30,N0,63,47,phase,0.13940330014155977,1.4600756478518595,-0.14196552339407909,6.06143010016871,-0.013143042391022432,0.7698595244159891,0.1507070650214275,1.6500136655016233,0.1192066259780653,1.1706256199540983,-0.1419655233940793,7.611791393701515,,
0.06,30,N0,63,-1,median,0.1258734600040895,1.43046719759379,-0.15741040886646868,5.7930543532154894,-0.012781593368260765,0.7623309471690172,0.16307195791428053,1.7413598940341006,0.05577098263537439,0.7140349959387201,-0.1499786962801713,7.642113122096951,0.75,0.007539470580201768
0.06,30,N0,63,-2,worst,0.1229517957413302,1.2828608705736357,-0.1670239871802629,6.243733466821409,-0.014015093376492203,,,,0.04200742374042998,0.5107483843459679,-0.1670239871802629,8.810168156073955,,
0.06,30,H21,21,0,phase,0.10548090182244008,1.2601928857983056,-0.1513931957155269,7.749737999960728,-0.011750799679352832,0.6532700970945424,0.08966839504839319,1.0353795127965644,0.07208254063532471,0.9228849620328726,-0.14688600650302353,7.827119802978283,,
0.06,30,H21,21,5,phase,0.10166343304078729,1.2128836101411098,-0.1362274361372353,6.4257341624823185,-0.011856221380211697,0.608891683087211,0.08210782845530495,0.9734398609592879,0.09263298622579885,1.101244610532972,-0.1362274361372353,6.191925827883438,,
0.06,30,H21,21,10,phase,0.09564523061088859,1.1311324956167983,-0.1305992296407471,6.025552984959832,-0.012461028866074116,0.5451882215588677,0.08666130588357701,0.9776102549492183,0.0706832996718918,0.881645808755193,-0.1305992296407471,6.695089234008367,,
0.06,30,H21,21,15,phase,0.10676341062126693,1.3035842999191452,-0.14279518552491688,5.639964559419343,-0.011510201500803898,0.6759889360158605,0.11913682650678759,1.4889625644537459,0.05437274390221547,0.6680397205976389,-0.14279518552491688,7.710661978723933,,
0.06,30,H21,21,-1,median,0.10357216743161368,1.2365382479697078,-0.1395113108310761,6.225643573721076,-0.011803510529782265,0.6310808900908766,0.0881648504659851,1.0064948838728913,0.07138292015360825,0.9022653853940328,-0.1395113108310761,7.20287560636615,0.0,0.016698216314560255
0.06,30,H21,21,-2,worst,0.09564523061088859,1.1311324956167983,-0.1513931957155269,7.749737999960728,-0.012461028866074116,,,,0.05437274390221547,0.6680397205976389,-0.14688600650302353,7.827119802978283,,
0.06,30,H42,42,0,phase,0.12422578850687471,1.3986230708789462,-0.12753146919457814,5.449537279725546,-0.01280240083223091,0.7443752221114237,0.12340167432127225,1.2763878054830982,0.06529254530498552,0.854035137245792,-0.10717541215546489,5.336703479319464,,
0.06,30,H42,42,10,phase,0.1352247616909963,1.4614121670380296,-0.13701209011620286,4.592817661910644,-0.013135209820762026,0.7660648071908618,0.14392644442233382,1.4240776372427408,0.10813818150010368,1.2939917645741736,-0.10849395267056361,5.16663075295807,,
0.06,30,H42,42,21,phase,0.12557965681156058,1.4096080748914688,-0.14583858569331543,6.551233318496323,-0.011947528745219083,0.7572974999331387,0.15468079755121633,1.6535215508720515,0.07784605320795057,0.9245071051249591,-0.14583858569331531,7.985857491605356,,
0.06,30,H42,42,31,phase,0.08962779863214498,1.0251387860895829,-0.18256465109099917,7.801793154330946,-0.012655859648304022,0.46936377456249456,0.10220900114494702,1.1188552398146578,0.03975290833973477,0.4848614307751837,-0.18256465109099917,10.278848227504879,,
0.06,30,H42,42,-1,median,0.12490272265921765,1.4041155728852075,-0.14142533790475914,6.000385299110935,-0.012729130240267466,0.7508363610222812,0.13366405937180303,1.3502327213629195,0.07156929925646804,0.8892711211853757,-0.12716626918193946,6.6612804854624095,0.75,0.009766372521926137
0.06,30,H42,42,-2,worst,0.08962779863214498,1.0251387860895829,-0.18256465109099917,7.801793154330946,-0.013135209820762026,,,,0.03975290833973477,0.4848614307751837,-0.18256465109099917,10.278848227504879,,
0.06,30,H84,84,0,phase,0.11195381791457848,1.2219706473694052,-0.13869817770944626,5.492940641803616,-0.01348329922582471,0.6045967994278993,0.18735695160004262,1.6555838770935138,0.04133916216906908,0.622237976036513,-0.11583160633920353,5.897979827759038,,
0.06,30,H84,84,21,phase,0.13836096557220778,1.4488866475352453,-0.1501706816615952,6.143172199961831,-0.013255907049477794,0.7958562536434046,0.17854179242207602,1.8516978864877112,0.09321144807251636,0.9944252280084178,-0.15017068166159508,7.714978788959466,,
0.06,30,H84,84,42,phase,0.1073897291106185,1.1255007484692494,-0.11622749068068672,4.742506405454845,-0.014661466869509775,0.5672139938746219,0.09787109570878316,1.1033140504134653,0.054957203210363126,0.5864726793879248,-0.11622749068068672,4.894704285615404,,
0.06,30,H84,84,63,phase,0.14305633991405897,1.5775923968598113,-0.15983669070226814,5.418823314386385,-0.012159021720406761,0.8351013258675922,0.2056056451095678,2.105594507937501,0.07493765009953224,0.8751008118553477,-0.15983669070226814,7.9428810095867135,,
0.06,30,H84,84,-1,median,0.12515739174339313,1.3354286474523254,-0.14443442968552073,5.455881978095,-0.013369603137651252,0.700226526535652,0.18294937201105932,1.7536408817906124,0.06494742665494768,0.7486693939459304,-0.1331990861711409,6.806479308359252,0.5,0.00661073290837022
0.06,30,H84,84,-2,worst,0.1073897291106185,1.1255007484692494,-0.15983669070226814,6.143172199961831,-0.014661466869509775,,,,0.04133916216906908,0.5864726793879248,-0.15983669070226814,7.9428810095867135,,
0.06,50,N0,63,0,phase,0.12107656854083948,1.2401022413650309,-0.1579208554807433,5.690585250639874,-0.014041248754027118,0.6470449926364715,0.18492375964200058,1.6321979978722145,0.05335133900669087,0.6841794877044312,-0.1217795687583163,6.2958816418669485,,
0.06,50,N0,63,15,phase,0.11888863591937104,1.3782851967463452,-0.16883414110034867,6.391300421357384,-0.011794265079223308,0.7456012672622118,0.14733070251720437,1.8132899585629316,0.037906571838210334,0.46495266660891366,-0.16883414110034878,9.017152393219773,,
0.06,50,N0,63,31,phase,0.12206259857398849,1.3936418543961564,-0.15868807299668253,5.600760397171715,-0.01245132526294228,0.7270743988204147,0.17085415467637954,1.7710328094953733,0.05030812656880146,0.649671499329748,-0.15868807299668275,7.82203882374278,,
0.06,50,N0,63,47,phase,0.13466210459594818,1.4139143386258506,-0.14320813111260444,6.188531863404234,-0.013166937843630122,0.7415240666833389,0.14628870591811483,1.6024324080537509,0.11411050952296353,1.1257054275421232,-0.14320813111260455,7.772902462356103,,
0.06,50,N0,63,-1,median,0.12156958355741398,1.3859635255712508,-0.15830446423871292,5.939558557022053,-0.012809131553286201,0.7342992327518768,0.15909242859679196,1.7016154036837938,0.05182973278774616,0.6669254935170896,-0.15094810205464365,7.797470643049442,0.75,0.007539470580201768
0.06,50,N0,63,-2,worst,0.11888863591937104,1.2401022413650309,-0.16883414110034867,6.391300421357384,-0.014041248754027118,,,,0.037906571838210334,0.46495266660891366,-0.16883414110034878,9.017152393219773,,
0.06,50,H21,21,0,phase,0.09536087358089373,1.1477261776811778,-0.1586697202770827,8.216931439575962,-0.011774402228061446,0.5673041095780331,0.0797893601886226,0.928665532374458,0.06246173547882106,0.8086845014910883,-0.15038729789205352,8.185322522689045,,
0.06,50,H21,21,5,phase,0.09275584319217467,1.1124579607407599,-0.1393648990166838,6.761433826619637,-0.011899851647106403,0.5305787372714365,0.07319294404951382,0.8740282457137583,0.08360127464962375,1.0006233996728322,-0.1393648990166838,6.4644706337140105,,
0.06,50,H21,21,10,phase,0.08722396063181326,1.0362113383914378,-0.1335890267383486,6.292862974506046,-0.012597055294869956,0.4700852384705048,0.07815466580601638,0.887415026673143,0.06210618253728217,0.7798980196239125,-0.1335890267383486,7.007541744893171,,
0.06,50,H21,21,15,phase,0.0971151868422,1.1921960122601936,-0.14562285253962648,5.919692219442761,-0.011551805907831857,0.5930512050283961,0.1091814383867693,1.373643534063344,0.045365040003940926,0.5647396057229337,-0.14562285253962626,8.08023494995746,,
0.06,50,H21,21,-1,median,0.0940583583865342,1.1300920692109688,-0.14249387577815514,6.527148400562842,-0.011837126937583924,0.5489414234247347,0.07897201299731949,0.9080402795238005,0.062283959008051615,0.7942912605575003,-0.14249387577815503,7.543888347425315,0.0,0.016698216314560255
0.06,50,H21,21,-2,worst,0.08722396063181326,1.0362113383914378,-0.1586697202770827,8.216931439575962,-0.012597055294869956,,,,0.045365040003940926,0.5647396057229337,-0.15038729789205352,8.185322522689045,,
0.06,50,H42,42,0,phase,0.11879865626653285,1.3425422383004288,-0.1292866667139776,5.586908550973068,-0.012846546231765843,0.7081730602163885,0.1182433836172272,1.2273423979942284,0.05992671558272722,0.7889904383557415,-0.10837409047638824,5.491649590605954,,
0.06,50,H42,42,10,phase,0.1295674234973323,1.402749707227382,-0.13761911008274885,4.74741050301756,-0.013223505013547845,0.7303181137819907,0.13802407519430226,1.369289247850838,0.10267829543977047,1.2298630543374816,-0.11062639457275647,5.363740865744301,,
0.06,50,H42,42,21,phase,0.11986194687172214,1.3495722539904407,-0.14813742043916223,6.751457150893543,-0.011961777550752844,0.7181042330405051,0.148556557217018,1.5914955569081801,0.07249749289227903,0.8658713627025703,-0.14813742043916234,8.21402475003499,,
0.06,50,H42,42,31,phase,0.08409066840019674,0.9657785632480375,-0.1837650105742017,7.986748885746437,-0.01273535642858941,0.42192765351063743,0.09705554926772786,1.065161421027661,0.03398900176835018,0.42198140478141605,-0.1837650105742017,10.51068296249793,,
0.06,50,H42,42,-1,median,0.1193303015691275,1.3460572461454348,-0.14287826526095554,6.169182850933305,-0.012790951330177627,0.7131386466284468,0.12813372940576473,1.2983158229225333,0.06621210423750312,0.8274309005291558,-0.1293819075059594,6.8528371703204725,0.75,0.009766372521926137
0.06,50,H42,42,-2,worst,0.08409066840019674,0.9657785632480375,-0.1837650105742017,7.986748885746437,-0.013223505013547845,,,,0.03398900176835018,0.42198140478141605,-0.1837650105742017,10.51068296249793,,
0.06,50,H84,84,0,phase,0.10845698941545412,1.1862183463937432,-0.13869817770944626,5.587325610372377,-0.01351191815161974,0.5777720646874136,0.18359110922678745,1.625268484008561,0.03809236805321925,0.5761658605518207,-0.11688360288544042,6.00991553451348,,
0.06,50,H84,84,21,phase,0.134308519074112,1.409669610916125,-0.15248322205902332,6.305622950017012,-0.013275330412829028,0.7726841381820222,0.1746954662174094,1.8150193014910585,0.08894199138701975,0.9523945945455525,-0.1524832220590232,7.942193594852796,,
0.06,50,H84,84,42,phase,0.10375418581207141,1.090889975106272,-0.12019823278692299,4.869843678789991,-0.014686470377728928,0.5393369005406584,0.09453971173990539,1.068354177340982,0.05132703766349955,0.552031336134185,-0.12019823278692288,5.062982121731767,,
0.06,50,H84,84,63,phase,0.13927863308580246,1.5381150770953655,-0.160869677048041,5.51352576730562,-0.012161099753431128,0.8151060822201187,0.20191128640566913,2.069003881347253,0.07125804412579351,0.8351045175393219,-0.16086967704804112,8.076025401768524,,
0.06,50,H84,84,-1,median,0.12138275424478306,1.297943978654934,-0.1455906998842348,5.550425688838999,-0.013393624282224384,0.6752281014347179,0.17914328772209842,1.7201438927498098,0.06129254089464653,0.7056351890455713,-0.13634072742297304,6.976054564683138,0.5,0.00661073290837022
0.06,50,H84,84,-2,worst,0.10375418581207141,1.090889975106272,-0.160869677048041,6.305622950017012,-0.014686470377728928,,,,0.03809236805321925,0.552031336134185,-0.16086967704804112,8.076025401768524,,
