symbol,name,price,avg_dollar_vol_musd,days
AAPL,Apple Inc. - Common Stock,283.78,15095,63
AMD,"Advanced Micro Devices, Inc. - Common St",521.58,14940,63
AMZN,"Amazon.com, Inc. - Common Stock",232.69,12436,63
AVGO,Broadcom Inc. - Common Stock,365.02,10563,63
AMAT,"Applied Materials, Inc. - Common Stock",626.84,3994,63
ASML,ASML Holding N.V. - New York Registry Sh,1794.62,3030,63
BE,Bloom Energy Corporation Class A Common ,252.02,2942,63
APP,Applovin Corporation - Class A Common St,477.08,2360,63
AAOI,"Applied Optoelectronics, Inc. - Common S",135.69,2114,63
ASTS,"AST SpaceMobile, Inc. - Class A Common S",71.45,1999,63
BAC,Bank of America Corporation Common Stock,57.88,1909,63
ADI,"Analog Devices, Inc. - Common Stock",386.91,1776,63
ALAB,"Astera Labs, Inc. - Common Stock",391.74,1657,63
ABBV,AbbVie Inc. Common Stock,253.35,1529,63
ANET,"Arista Networks, Inc. Common Stock",157.6,1473,63
BA,Boeing Company (The) Common Stock,217.25,1473,63
ADBE,Adobe Inc. - Common Stock,202.73,1451,63
APH,Amphenol Corporation Common Stock,163.72,1393,63
ABT,Abbott Laboratories Common Stock,94.12,1194,63
AAL,"American Airlines Group, Inc. - Common S",17.87,1182,63
ACN,Accenture plc Class A Ordinary Shares (I,128.98,1174,63
AZO,"AutoZone, Inc. Common Stock",3128.7,1136,63
AXP,American Express Company Common Stock,340.36,1007,63
AXTI,AXT Inc - Common Stock,70.15,1006,63
AMGN,Amgen Inc. - Common Stock,358.33,949,63
APLD,Applied Digital Corporation - Common Sto,39.16,898,63
AKAM,"Akamai Technologies, Inc. - Common Stock",113.29,697,63
ADP,"Automatic Data Processing, Inc. - Common",223.55,635,63
AMT,American Tower Corporation (REIT) Common,175.59,571,63
ADSK,"Autodesk, Inc. - Common Stock",196.26,570,63
AEP,"American Electric Power Company, Inc. - ",138.69,568,63
ABNB,"Airbnb, Inc. - Class A Common Stock",145.56,516,63
B,Barrick Mining Corporation Common Shares,37.29,510,63
AON,Aon plc Class A Ordinary Shares (Ireland,328.69,507,63
APO,"Apollo Global Management, Inc. (New) Com",118.29,501,63
AXON,"Axon Enterprise, Inc. - Common Stock",464.83,494,63
BDX,"Becton, Dickinson and Company Common Sto",155.92,456,63
AEM,Agnico Eagle Mines Limited Common Stock,157.23,453,63
ALB,Albemarle Corporation Common Stock,133.7,396,63
AJG,Arthur J. Gallagher & Co. Common Stock,226.01,395,63
AMKR,"Amkor Technology, Inc. - Common Stock",78.72,387,63
AZN,AstraZeneca PLC Ordinary Shares,188.41,370,63
ALL,Allstate Corporation (The) Common Stock,239.61,360,63
ARES,Ares Management Corporation Class A Comm,109.13,356,63
APD,"Air Products and Chemicals, Inc. Common ",277.79,351,63
ALNY,"Alnylam Pharmaceuticals, Inc. - Common S",291.37,337,63
AA,Alcoa Corporation Common Stock ,54.1,334,63
AFRM,"Affirm Holdings, Inc. - Class A Common S",79.49,331,63
AIG,"American International Group, Inc. New C",75.57,328,63
ATI,ATI Inc. Common Stock,197.4,320,63
AMP,"Ameriprise Financial, Inc. Common Stock",452.81,315,63
AEIS,"Advanced Energy Industries, Inc. - Commo",348.11,313,63
AFL,AFLAC Incorporated Common Stock,120.15,288,63
AME,"AMETEK, Inc.",237.52,287,63
ADM,Archer-Daniels-Midland Company Common St,76.79,285,63
A,"Agilent Technologies, Inc. Common Stock",136.01,280,63
AU,AngloGold Ashanti PLC Ordinary Shares,81.62,272,63
BBY,"Best Buy Co., Inc. Common Stock",77.71,272,63
AG,First Majestic Silver Corp. Ordinary Sha,16.89,269,63
APGE,"Apogee Therapeutics, Inc. - Common Stock",132.55,266,63
AWK,"American Water Works Company, Inc. Commo",132.68,264,63
AEHR,Aehr Test Systems - Common Stock,91.81,259,63
APA,APA Corporation - Common Stock,33.01,254,63
BB,BlackBerry Limited Common Stock,11.4,245,63
ATO,Atmos Energy Corporation Common Stock,175.17,234,63
AVAV,"AeroVironment, Inc. - Common Stock",137.95,228,63
AGX,"Argan, Inc. Common Stock",765.46,224,63
ACGL,Arch Capital Group Ltd. - Common Stock,97.54,223,63
APTV,Aptiv PLC Ordinary Shares,60.32,221,63
BBIO,"BridgeBio Pharma, Inc. - Common Stock",70.24,216,63
AVB,"AvalonBay Communities, Inc. Common Stock",190.12,200,63
AEE,Ameren Corporation Common Stock,118.32,195,63
AXSM,"Axsome Therapeutics, Inc. - Common Stock",241.67,194,63
AER,AerCap Holdings N.V. Ordinary Shares,148.81,185,63
AR,Antero Resources Corporation Common Stoc,35.17,184,63
ASND,Ascendis Pharma A/S - Ordinary Share,260.75,184,63
ALGN,"Align Technology, Inc. - Common Stock",178.43,180,63
BALL,Ball Corporation Common Stock,61.79,173,63
BAP,Credicorp Ltd. Common Stock,384.1,170,63
ALK,"Alaska Air Group, Inc. Common Stock",53.86,164,63
AMRZ,Amrize Ltd Ordinary Shares,55.87,163,63
AMCR,Amcor plc Ordinary Shares,43.03,158,63
AMPX,"Amprius Technologies, Inc. Common Stock",12.91,158,63
BAM,Brookfield Asset Management Inc Class A ,44.62,157,63
AGNC,AGNC Investment Corp. - Common Stock,10.9,155,63
ARWR,"Arrowhead Pharmaceuticals, Inc. - Common",78.89,151,63
AHR,"American Healthcare REIT, Inc. Common St",51.0,149,63
AGI,Alamos Gold Inc. Class A Common Shares,31.32,149,63
BCS,Barclays PLC Common Stock,26.72,147,63
AS,"Amer Sports, Inc. Ordinary Shares",34.17,146,63
ALLY,Ally Financial Inc. Common Stock,47.17,145,63
ALLE,Allegion plc Ordinary Shares,139.71,145,63
AES,The AES Corporation Common Stock,14.67,141,63
ARMK,Aramark Common Stock,56.06,141,63
ACM,AECOM Common Stock,71.02,141,63
BAH,Booz Allen Hamilton Holding Corporation ,62.22,139,63
ARW,"Arrow Electronics, Inc. Common Stock",215.15,139,63
ALC,Alcon Inc. Ordinary Shares,67.8,137,63
BAX,Baxter International Inc. Common Stock,22.04,135,63
AAON,"AAON, Inc. - Common Stock",126.78,133,63
APG,APi Group Corporation Common Stock,41.15,131,63
AYI,Acuity Inc. Common Stock,362.48,126,63
ALGM,"Allegro MicroSystems, Inc. - Common Stoc",57.89,125,63
ACMR,"ACM Research, Inc. - Class A Common Stoc",104.5,118,63
ACI,"Albertsons Companies, Inc. Class A Commo",13.59,117,63
BBWI,"Bath & Body Works, Inc.",22.86,116,63
AVT,"Avnet, Inc. - Common Stock",86.37,116,63
ANF,Abercrombie & Fitch Company Common Stock,91.51,113,63
AVY,Avery Dennison Corporation Common Stock,165.76,112,63
ALHC,"Alignment Healthcare, Inc. - Common Stoc",23.19,107,63
ARE,"Alexandria Real Estate Equities, Inc. Co",55.22,107,63
ALSN,"Allison Transmission Holdings, Inc. Comm",119.84,107,63
AMG,"Affiliated Managers Group, Inc. Common S",341.98,106,63
ARCC,Ares Capital Corporation - Closed End Fu,18.19,106,63
AOS,A.O. Smith Corporation Common Stock,61.72,105,63
AIZ,"Assurant, Inc. Common Stock",264.43,104,63
AAP,Advance Auto Parts Inc.,62.18,104,63
ACLS,"Axcelis Technologies, Inc. - Common Stoc",173.23,102,63
ALM,Almonty Industries Inc. - Common Shares,16.28,100,63
AMH,American Homes 4 Rent Common Shares of B,34.09,96,63
ALV,"Autoliv, Inc. Common Stock",119.17,93,63
ALKS,Alkermes plc - Ordinary Shares,55.08,93,63
AEO,"American Eagle Outfitters, Inc. Common S",17.88,92,63
AMBA,"Ambarella, Inc. - Ordinary Shares",62.13,86,63
BCE,"BCE, Inc. Common Stock",22.92,85,63
ADC,Agree Realty Corporation Common Stock,77.03,85,63
AGCO,AGCO Corporation Common Stock,117.35,84,63
AIT,"Applied Industrial Technologies, Inc. Co",337.08,83,63
AVTR,"Avantor, Inc. Common Stock",10.28,82,63
AVEX,AEVEX Corp. Class A Common Stock,17.2,82,49
AUGO,Aura Minerals Inc. - Common Shares,64.08,79,63
ASO,"Academy Sports and Outdoors, Inc. - Comm",48.5,79,63
ACHC,"Acadia Healthcare Company, Inc. - Common",27.42,79,63
AXTA,Axalta Coating Systems Ltd. Common Share,34.5,78,63
AN,"AutoNation, Inc. Common Stock",191.64,76,63
ATMU,Atmus Filtration Technologies Inc. Commo,53.87,75,63
AESI,Atlas Energy Solutions Inc. Common Stock,17.0,73,63
AWI,Armstrong World Industries Inc Common St,162.16,68,63
AROC,"Archrock, Inc. Common Stock",41.95,68,63
ASST,"Strive, Inc. - Class A Common Stock",11.34,67,63
AFG,"American Financial Group, Inc. Common St",139.18,66,63
AXS,Axis Capital Holdings Limited Common Sto,108.72,64,63
ACA,"Arcosa, Inc. Common Stock ",144.5,63,63
ARXS,"Arxis, Inc. - Class A Common Stock",44.34,63,50
ASH,Ashland Inc. Common Stock,63.94,61,63
BDC,Belden Inc Common Stock,119.52,61,63
ATR,"AptarGroup, Inc. Common Stock",125.98,61,63
AMSC,American Superconductor Corporation - Co,39.73,61,63
BAND,Bandwidth Inc. - Class A Common Stock,56.9,60,63
ADEA,Adeia Inc.  - Common Stock,30.7,60,63
APPF,"AppFolio, Inc. - Class A Common Stock",155.64,58,63
ASB,Associated Banc-Corp Common Stock,31.34,58,63
BANC,"Banc of California, Inc. Common Stock",20.81,57,63
BC,Brunswick Corporation Common Stock,87.08,56,63
ARR,"ARMOUR Residential REIT, Inc.",17.26,55,63
AM,Antero Midstream Corporation Common Stoc,23.19,54,63
AKAN,Akanda Corp. - Common Shares,14.08,53,63
ABG,Asbury Automotive Group Inc Common Stock,205.17,53,63
ALGT,Allegiant Travel Company - Common Stock,116.1,53,63
ARCB,ArcBest Corporation - Common Stock,146.29,52,63
AMR,"Alpha Metallurgical Resources, Inc. Comm",165.25,49,63
AIR,AAR Corp. Common Stock,143.14,49,63
APLE,"Apple Hospitality REIT, Inc. Common Shar",17.04,49,63
AMTM,"Amentum Holdings, Inc. Common Stock",20.25,48,63
AXGN,"Axogen, Inc. - Common Stock",44.93,48,63
BCO,Brinks Company (The) Common Stock,94.09,47,63
ATRO,Astronics Corporation - Common Stock,84.32,47,63
ABCB,Ameris Bancorp Common Stock,91.0,46,63
AMBQ,"Ambiq Micro, Inc. Common Stock",80.15,45,63
AEVA,"Aeva Technologies, Inc. - Common Stock",20.89,44,63
ADTN,"ADTRAN Holdings, Inc. - Common Stock",13.52,43,63
AOSL,Alpha and Omega Semiconductor Limited - ,43.99,43,63
AUB,Atlantic Union Bankshares Corporation Co,41.86,42,63
ARQT,"Arcutis Biotherapeutics, Inc. - Common s",27.0,40,63
AVNS,"Avanos Medical, Inc. Common Stock",24.95,40,63
BBVA,Banco Bilbao Vizcaya Argentaria S.A. Com,24.37,39,63
ADPT,Adaptive Biotechnologies Corporation - C,20.96,39,63
APPS,"Digital Turbine, Inc. - Common Stock",11.07,39,63
ANAB,"AnaptysBio, Inc. - Common Stock",63.15,38,63
ACAD,ACADIA Pharmaceuticals Inc. - Common Sto,25.32,38,63
ATKR,Atkore Inc. Common Stock,77.83,38,63
ACIW,"ACI Worldwide, Inc. - Common Stock",49.26,37,63
ABSI,Absci Corporation - Common Stock,10.89,37,63
AX,"Axos Financial, Inc. Common Stock",96.23,37,63
ALMU,"Aeluma, Inc. - Common Stock",20.02,37,63
BCPC,Balchem Corporation - Common Stock,171.22,36,63
AGIO,"Agios Pharmaceuticals, Inc. - Common Sto",37.9,35,63
AVTX,"Avalo Therapeutics, Inc. - Common Stock",18.2,34,63
AZZ,AZZ Inc.,156.64,34,63
ATEN,"A10 Networks, Inc. Common Stock",34.98,33,63
AGO,Assured Guaranty Ltd. Common Stock,79.77,33,63
AIP,"Arteris, Inc.  - Common Stock",43.29,33,63
AAMI,Acadian Asset Management Inc. Common Sto,72.2,33,63
AGYS,"Agilysys, Inc. - Common Stock",102.58,31,63
BCC,"Boise Cascade, L.L.C. Common Stock",81.02,31,63
ALG,"Alamo Group, Inc. Common Stock",168.8,30,63
ALMS,Alumis Inc. - Common Stock,26.4,29,63
ALOY,REalloys Inc. - Common Stock,14.68,29,63
ALKT,"Alkami Technology, Inc. - Common Stock",16.42,29,63
ANIP,"ANI Pharmaceuticals, Inc. - Common Stock",84.5,29,63
AVA,Avista Corporation Common Stock,41.77,29,63
APAM,Artisan Partners Asset Management Inc. C,35.57,28,63
AMN,AMN Healthcare Services Inc,32.76,28,63
AVNT,Avient Corporation Common Stock,37.91,28,63
AWR,American States Water Company Common Sto,82.57,28,63
AMRX,"Amneal Pharmaceuticals, Inc. - Class A C",17.23,26,63
AGL,"agilon health, inc. Common Stock",119.25,26,63
ATEX,Anterix Inc. - Common Stock,89.67,25,63
AZTA,"Azenta, Inc. - Common Stock",25.5,25,63
ALRM,"Alarm.com Holdings, Inc. - Common Stock",46.34,24,63
ABM,ABM Industries Incorporated Common Stock,45.47,24,63
BBT,Beacon Financial Corporation Common stoc,31.33,24,63
ARIS,Aris Mining Corporation Common Shares,15.17,24,63
ANDE,"The Andersons, Inc. - Common Stock",71.08,24,63
ATRC,"AtriCure, Inc. - Common Stock",30.18,24,63
ADUS,Addus HomeCare Corporation - Common Stoc,96.95,24,63
BATRK,"Atlanta Braves Holdings, Inc. - Series C",51.96,23,63
APPN,Appian Corporation - Class A Common Stoc,21.97,22,63
ARX,Accelerant Holdings Class A Common Share,13.74,22,63
AVPT,"AvePoint, Inc. - Class A Common Stock",10.89,22,63
ASR,"Grupo Aeroportuario del Sureste, S.A. de",308.43,22,63
AUPH,Aurinia Pharmaceuticals Inc - Common Sha,17.23,22,63
ADNT,Adient plc Ordinary Shares ,20.01,21,63
ALH,Alliance Laundry Holdings Inc. Common St,26.49,21,63
AGM,Federal Agricultural Mortgage Corporatio,194.94,21,63
AAUC,Allied Gold Corporation Common Shares,23.07,21,63
AMLX,"Amylyx Pharmaceuticals, Inc. - Common St",17.79,20,63
