fingerprint,rec_id,asof,strategy_version,universe,horizon_d,symbol,weight,buy_price,mature_date,exit_price,actual_ret,holding_days,holding_months,rank,universe_n,hit_top25,regime,scored,source
REC-20210701-0000,2021-07-01_63,2021-07-01,AEGIS Core v2.2 (2026-06-22),nifty200,63,ABBOTINDIA,0.1372,16736.3,2021-10-01,22031.2,31.64,63,3.0,25.0,218.0,1.0,Strong,1,historical
REC-20210701-0001,2021-07-01_63,2021-07-01,AEGIS Core v2.2 (2026-06-22),nifty200,63,COLPAL,0.1167,1708.2,2021-10-01,1687.8,-1.19,63,3.0,168.0,218.0,0.0,Strong,1,historical
REC-20210701-0002,2021-07-01_63,2021-07-01,AEGIS Core v2.2 (2026-06-22),nifty200,63,BRITANNIA,0.0851,3595.8,2021-10-01,3921.1,9.05,63,3.0,110.0,218.0,0.0,Strong,1,historical
REC-20210701-0003,2021-07-01_63,2021-07-01,AEGIS Core v2.2 (2026-06-22),nifty200,63,BAJAJHLDNG,0.0686,3617.75,2021-10-01,4737.4,30.95,63,3.0,26.0,218.0,1.0,Strong,1,historical
REC-20210701-0004,2021-07-01_63,2021-07-01,AEGIS Core v2.2 (2026-06-22),nifty200,63,TCS,0.0433,3341.5,2021-10-01,3730.2,11.63,63,3.0,91.0,218.0,0.0,Strong,1,historical
REC-20210701-0005,2021-07-01_63,2021-07-01,AEGIS Core v2.2 (2026-06-22),nifty200,63,INFY,0.042,1560.4,2021-10-01,1665.15,6.71,63,3.0,127.0,218.0,0.0,Strong,1,historical
REC-20210701-0006,2021-07-01_63,2021-07-01,AEGIS Core v2.2 (2026-06-22),nifty200,63,PIDILITIND,0.0413,1084.58,2021-10-01,1208.63,11.44,63,3.0,94.0,218.0,0.0,Strong,1,historical
REC-20210701-0007,2021-07-01_63,2021-07-01,AEGIS Core v2.2 (2026-06-22),nifty200,63,HDFCLIFE,0.0712,685.75,2021-10-01,729.45,6.37,63,3.0,131.0,218.0,0.0,Strong,1,historical
REC-20210701-0008,2021-07-01_63,2021-07-01,AEGIS Core v2.2 (2026-06-22),nifty200,63,ATUL,0.0793,8952.2,2021-10-01,9740.8,8.81,63,3.0,111.0,218.0,0.0,Strong,1,historical
REC-20210701-0009,2021-07-01_63,2021-07-01,AEGIS Core v2.2 (2026-06-22),nifty200,63,BATAINDIA,0.04,1596.85,2021-10-01,1834.7,14.89,63,3.0,77.0,218.0,0.0,Strong,1,historical
REC-20210701-0010,2021-07-01_63,2021-07-01,AEGIS Core v2.2 (2026-06-22),nifty200,63,EXIDEIND,0.041,181.9,2021-10-01,178.85,-1.68,63,3.0,171.0,218.0,0.0,Strong,1,historical
REC-20210701-0011,2021-07-01_63,2021-07-01,AEGIS Core v2.2 (2026-06-22),nifty200,63,ALKEM,0.067,3219.5,2021-10-01,3990.05,23.93,63,3.0,46.0,218.0,1.0,Strong,1,historical
REC-20210701-0012,2021-07-01_63,2021-07-01,AEGIS Core v2.2 (2026-06-22),nifty200,63,SUPREMEIND,0.0724,2174.65,2021-10-01,2321.6,6.76,63,3.0,126.0,218.0,0.0,Strong,1,historical
REC-20210701-0013,2021-07-01_63,2021-07-01,AEGIS Core v2.2 (2026-06-22),nifty200,63,BHARTIARTL,0.0341,522.65,2021-10-01,675.9,29.32,63,3.0,32.0,218.0,1.0,Strong,1,historical
REC-20210701-0014,2021-07-01_63,2021-07-01,AEGIS Core v2.2 (2026-06-22),nifty200,63,AIAENG,0.0608,2114.0,2021-10-01,1928.9,-8.76,63,3.0,199.0,218.0,0.0,Strong,1,historical
REC-20211001-0015,2021-10-01_63,2021-10-01,AEGIS Core v2.2 (2026-06-22),nifty200,63,INFY,0.0649,1665.15,2022-01-03,1898.45,14.01,63,3.0,33.0,218.0,1.0,Neutral,1,historical
REC-20211001-0016,2021-10-01_63,2021-10-01,AEGIS Core v2.2 (2026-06-22),nifty200,63,BRITANNIA,0.0944,3921.1,2022-01-03,3617.55,-7.74,63,3.0,169.0,218.0,0.0,Neutral,1,historical
REC-20211001-0017,2021-10-01_63,2021-10-01,AEGIS Core v2.2 (2026-06-22),nifty200,63,COLPAL,0.0891,1687.8,2022-01-03,1463.8,-13.27,63,3.0,201.0,218.0,0.0,Neutral,1,historical
REC-20211001-0018,2021-10-01_63,2021-10-01,AEGIS Core v2.2 (2026-06-22),nifty200,63,TCS,0.0569,3730.2,2022-01-03,3817.75,2.35,63,3.0,91.0,218.0,0.0,Neutral,1,historical
REC-20211001-0019,2021-10-01_63,2021-10-01,AEGIS Core v2.2 (2026-06-22),nifty200,63,HEROMOTOCO,0.0542,2847.95,2022-01-03,2476.6,-13.04,63,3.0,200.0,218.0,0.0,Neutral,1,historical
REC-20211001-0020,2021-10-01_63,2021-10-01,AEGIS Core v2.2 (2026-06-22),nifty200,63,SJVN,0.0454,28.4,2022-01-03,30.95,8.98,63,3.0,57.0,218.0,0.0,Neutral,1,historical
REC-20211001-0021,2021-10-01_63,2021-10-01,AEGIS Core v2.2 (2026-06-22),nifty200,63,RATNAMANI,0.0777,2180.4,2022-01-03,1917.45,-12.06,63,3.0,194.0,218.0,0.0,Neutral,1,historical
REC-20211001-0022,2021-10-01_63,2021-10-01,AEGIS Core v2.2 (2026-06-22),nifty200,63,BAJAJ-AUTO,0.0616,3852.6,2022-01-03,3277.1,-14.94,63,3.0,206.0,218.0,0.0,Neutral,1,historical
REC-20211001-0023,2021-10-01_63,2021-10-01,AEGIS Core v2.2 (2026-06-22),nifty200,63,PIDILITIND,0.0615,1208.63,2022-01-03,1236.98,2.35,63,3.0,92.0,218.0,0.0,Neutral,1,historical
REC-20211001-0024,2021-10-01_63,2021-10-01,AEGIS Core v2.2 (2026-06-22),nifty200,63,HDFCLIFE,0.0739,729.45,2022-01-03,650.5,-10.82,63,3.0,183.0,218.0,0.0,Neutral,1,historical
REC-20211001-0025,2021-10-01_63,2021-10-01,AEGIS Core v2.2 (2026-06-22),nifty200,63,TORNTPHARM,0.0854,1540.28,2022-01-03,1626.05,5.57,63,3.0,68.0,218.0,0.0,Neutral,1,historical
REC-20211001-0026,2021-10-01_63,2021-10-01,AEGIS Core v2.2 (2026-06-22),nifty200,63,ATUL,0.0486,9740.8,2022-01-03,9043.2,-7.16,63,3.0,168.0,218.0,0.0,Neutral,1,historical
REC-20211001-0027,2021-10-01_63,2021-10-01,AEGIS Core v2.2 (2026-06-22),nifty200,63,RELIANCE,0.0731,1145.58,2022-01-03,1091.18,-4.75,63,3.0,150.0,218.0,0.0,Neutral,1,historical
REC-20211001-0028,2021-10-01_63,2021-10-01,AEGIS Core v2.2 (2026-06-22),nifty200,63,SBILIFE,0.0717,1209.05,2022-01-03,1209.4,0.03,63,3.0,114.0,218.0,0.0,Neutral,1,historical
REC-20211001-0029,2021-10-01_63,2021-10-01,AEGIS Core v2.2 (2026-06-22),nifty200,63,NHPC,0.0416,29.1,2022-01-03,31.2,7.22,63,3.0,62.0,218.0,0.0,Neutral,1,historical
REC-20220103-0030,2022-01-03_63,2022-01-03,AEGIS Core v2.2 (2026-06-22),nifty200,63,COLPAL,0.1281,1463.8,2022-04-05,1586.7,8.4,63,3.0,63.0,221.0,0.0,Strong,1,historical
REC-20220103-0031,2022-01-03_63,2022-01-03,AEGIS Core v2.2 (2026-06-22),nifty200,63,PETRONET,0.0732,218.8,2022-04-05,199.6,-8.78,63,3.0,161.0,221.0,0.0,Strong,1,historical
REC-20220103-0032,2022-01-03_63,2022-01-03,AEGIS Core v2.2 (2026-06-22),nifty200,63,NESTLEIND,0.0907,983.9,2022-04-05,901.16,-8.41,63,3.0,155.0,221.0,0.0,Strong,1,historical
REC-20220103-0033,2022-01-03_63,2022-01-03,AEGIS Core v2.2 (2026-06-22),nifty200,63,HEROMOTOCO,0.049,2476.6,2022-04-05,2332.25,-5.83,63,3.0,139.0,221.0,0.0,Strong,1,historical
REC-20220103-0034,2022-01-03_63,2022-01-03,AEGIS Core v2.2 (2026-06-22),nifty200,63,HDFCBANK,0.088,759.83,2022-04-05,804.13,5.83,63,3.0,72.0,221.0,0.0,Strong,1,historical
REC-20220103-0035,2022-01-03_63,2022-01-03,AEGIS Core v2.2 (2026-06-22),nifty200,63,BAJAJ-AUTO,0.0434,3277.1,2022-04-05,3809.7,16.25,63,3.0,34.0,221.0,1.0,Strong,1,historical
REC-20220103-0036,2022-01-03_63,2022-01-03,AEGIS Core v2.2 (2026-06-22),nifty200,63,HDFCLIFE,0.0491,650.5,2022-04-05,569.65,-12.43,63,3.0,182.0,221.0,0.0,Strong,1,historical
REC-20220103-0037,2022-01-03_63,2022-01-03,AEGIS Core v2.2 (2026-06-22),nifty200,63,TCS,0.0731,3817.75,2022-04-05,3814.8,-0.08,63,3.0,95.0,221.0,0.0,Strong,1,historical
REC-20220103-0038,2022-01-03_63,2022-01-03,AEGIS Core v2.2 (2026-06-22),nifty200,63,INFY,0.0758,1898.45,2022-04-05,1861.1,-1.97,63,3.0,106.0,221.0,0.0,Strong,1,historical
REC-20220103-0039,2022-01-03_63,2022-01-03,AEGIS Core v2.2 (2026-06-22),nifty200,63,ULTRACEMCO,0.0402,7723.9,2022-04-05,6726.15,-12.92,63,3.0,186.0,221.0,0.0,Strong,1,historical
REC-20220103-0040,2022-01-03_63,2022-01-03,AEGIS Core v2.2 (2026-06-22),nifty200,63,PIDILITIND,0.0891,1236.98,2022-04-05,1253.83,1.36,63,3.0,86.0,221.0,0.0,Strong,1,historical
REC-20220103-0041,2022-01-03_63,2022-01-03,AEGIS Core v2.2 (2026-06-22),nifty200,63,MGL,0.0422,876.0,2022-04-05,828.65,-5.41,63,3.0,136.0,221.0,0.0,Strong,1,historical
REC-20220103-0042,2022-01-03_63,2022-01-03,AEGIS Core v2.2 (2026-06-22),nifty200,63,LT,0.0474,1922.85,2022-04-05,1836.05,-4.51,63,3.0,129.0,221.0,0.0,Strong,1,historical
REC-20220103-0043,2022-01-03_63,2022-01-03,AEGIS Core v2.2 (2026-06-22),nifty200,63,AIAENG,0.0758,1855.75,2022-04-05,1701.8,-8.3,63,3.0,154.0,221.0,0.0,Strong,1,historical
REC-20220103-0044,2022-01-03_63,2022-01-03,AEGIS Core v2.2 (2026-06-22),nifty200,63,SHREECEM,0.0348,27247.4,2022-04-05,25157.9,-7.67,63,3.0,150.0,221.0,0.0,Strong,1,historical
REC-20220405-0045,2022-04-05_63,2022-04-05,AEGIS Core v2.2 (2026-06-22),nifty200,63,NESTLEIND,0.0999,901.16,2022-07-06,919.44,2.03,63,3.0,36.0,221.0,1.0,Neutral,1,historical
REC-20220405-0046,2022-04-05_63,2022-04-05,AEGIS Core v2.2 (2026-06-22),nifty200,63,COLPAL,0.0808,1586.7,2022-07-06,1569.15,-1.11,63,3.0,51.0,221.0,1.0,Neutral,1,historical
REC-20220405-0047,2022-04-05_63,2022-04-05,AEGIS Core v2.2 (2026-06-22),nifty200,63,MRF,0.0691,67756.0,2022-07-06,73230.2,8.08,63,3.0,27.0,221.0,1.0,Neutral,1,historical
REC-20220405-0048,2022-04-05_63,2022-04-05,AEGIS Core v2.2 (2026-06-22),nifty200,63,TCS,0.077,3814.8,2022-07-06,3260.75,-14.52,63,3.0,127.0,221.0,0.0,Neutral,1,historical
REC-20220405-0049,2022-04-05_63,2022-04-05,AEGIS Core v2.2 (2026-06-22),nifty200,63,AIAENG,0.08,1701.8,2022-07-06,2350.15,38.1,63,3.0,1.0,221.0,1.0,Neutral,1,historical
REC-20220405-0050,2022-04-05_63,2022-04-05,AEGIS Core v2.2 (2026-06-22),nifty200,63,IRFC,0.0793,22.15,2022-07-06,19.95,-9.93,63,3.0,99.0,221.0,0.0,Neutral,1,historical
REC-20220405-0051,2022-04-05_63,2022-04-05,AEGIS Core v2.2 (2026-06-22),nifty200,63,ICICIGI,0.0488,1351.85,2022-07-06,1232.25,-8.85,63,3.0,91.0,221.0,0.0,Neutral,1,historical
REC-20220405-0052,2022-04-05_63,2022-04-05,AEGIS Core v2.2 (2026-06-22),nifty200,63,DRREDDY,0.0576,865.98,2022-07-06,878.0,1.39,63,3.0,37.0,221.0,1.0,Neutral,1,historical
REC-20220405-0053,2022-04-05_63,2022-04-05,AEGIS Core v2.2 (2026-06-22),nifty200,63,SUNPHARMA,0.0566,929.1,2022-07-06,837.7,-9.84,63,3.0,97.0,221.0,0.0,Neutral,1,historical
REC-20220405-0054,2022-04-05_63,2022-04-05,AEGIS Core v2.2 (2026-06-22),nifty200,63,INFY,0.0642,1861.1,2022-07-06,1491.65,-19.85,63,3.0,164.0,221.0,0.0,Neutral,1,historical
REC-20220405-0055,2022-04-05_63,2022-04-05,AEGIS Core v2.2 (2026-06-22),nifty200,63,BAJAJ-AUTO,0.048,3809.7,2022-07-06,3773.05,-0.96,63,3.0,50.0,221.0,1.0,Neutral,1,historical
REC-20220405-0056,2022-04-05_63,2022-04-05,AEGIS Core v2.2 (2026-06-22),nifty200,63,PETRONET,0.0529,199.6,2022-07-06,220.95,10.7,63,3.0,21.0,221.0,1.0,Neutral,1,historical
REC-20220405-0057,2022-04-05_63,2022-04-05,AEGIS Core v2.2 (2026-06-22),nifty200,63,BHARTIARTL,0.0805,766.6,2022-07-06,693.95,-9.48,63,3.0,92.0,221.0,0.0,Neutral,1,historical
REC-20220405-0058,2022-04-05_63,2022-04-05,AEGIS Core v2.2 (2026-06-22),nifty200,63,LT,0.0496,1836.05,2022-07-06,1556.15,-15.24,63,3.0,133.0,221.0,0.0,Neutral,1,historical
REC-20220405-0059,2022-04-05_63,2022-04-05,AEGIS Core v2.2 (2026-06-22),nifty200,63,COROMANDEL,0.0557,824.05,2022-07-06,979.3,18.84,63,3.0,8.0,221.0,1.0,Neutral,1,historical
REC-20220706-0060,2022-07-06_63,2022-07-06,AEGIS Core v2.2 (2026-06-22),nifty200,63,IRFC,0.0722,19.95,2022-10-07,21.35,7.02,63,3.0,134.0,223.0,0.0,Weak,1,historical
REC-20220706-0061,2022-07-06_63,2022-07-06,AEGIS Core v2.2 (2026-06-22),nifty200,63,COLPAL,0.0912,1569.15,2022-10-07,1581.2,0.77,63,3.0,176.0,223.0,0.0,Weak,1,historical
REC-20220706-0062,2022-07-06_63,2022-07-06,AEGIS Core v2.2 (2026-06-22),nifty200,63,NESTLEIND,0.0855,919.44,2022-10-07,966.05,5.07,63,3.0,145.0,223.0,0.0,Weak,1,historical
REC-20220706-0063,2022-07-06_63,2022-07-06,AEGIS Core v2.2 (2026-06-22),nifty200,63,ALKEM,0.1199,3078.05,2022-10-07,3200.3,3.97,63,3.0,155.0,223.0,0.0,Weak,1,historical
REC-20220706-0064,2022-07-06_63,2022-07-06,AEGIS Core v2.2 (2026-06-22),nifty200,63,SJVN,0.0444,27.1,2022-10-07,32.7,20.66,63,3.0,56.0,223.0,1.0,Weak,1,historical
REC-20220706-0065,2022-07-06_63,2022-07-06,AEGIS Core v2.2 (2026-06-22),nifty200,63,RELAXO,0.0547,979.75,2022-10-07,1010.7,3.16,63,3.0,160.0,223.0,0.0,Weak,1,historical
REC-20220706-0066,2022-07-06_63,2022-07-06,AEGIS Core v2.2 (2026-06-22),nifty200,63,MRF,0.0588,73230.2,2022-10-07,82769.6,13.03,63,3.0,98.0,223.0,0.0,Weak,1,historical
REC-20220706-0067,2022-07-06_63,2022-07-06,AEGIS Core v2.2 (2026-06-22),nifty200,63,PFC,0.0415,85.28,2022-10-07,83.96,-1.55,63,3.0,190.0,223.0,0.0,Weak,1,historical
REC-20220706-0068,2022-07-06_63,2022-07-06,AEGIS Core v2.2 (2026-06-22),nifty200,63,SUNPHARMA,0.0706,837.7,2022-10-07,955.15,14.02,63,3.0,94.0,223.0,0.0,Weak,1,historical
REC-20220706-0069,2022-07-06_63,2022-07-06,AEGIS Core v2.2 (2026-06-22),nifty200,63,TCS,0.0481,3260.75,2022-10-07,3064.9,-6.01,63,3.0,206.0,223.0,0.0,Weak,1,historical
REC-20220706-0070,2022-07-06_63,2022-07-06,AEGIS Core v2.2 (2026-06-22),nifty200,63,BHARTIARTL,0.0508,693.95,2022-10-07,793.1,14.29,63,3.0,91.0,223.0,0.0,Weak,1,historical
REC-20220706-0071,2022-07-06_63,2022-07-06,AEGIS Core v2.2 (2026-06-22),nifty200,63,SUPREMEIND,0.0911,1771.95,2022-10-07,2014.85,13.71,63,3.0,95.0,223.0,0.0,Weak,1,historical
REC-20220706-0072,2022-07-06_63,2022-07-06,AEGIS Core v2.2 (2026-06-22),nifty200,63,CUMMINSIND,0.0604,1103.85,2022-10-07,1238.75,12.22,63,3.0,103.0,223.0,0.0,Weak,1,historical
REC-20220706-0073,2022-07-06_63,2022-07-06,AEGIS Core v2.2 (2026-06-22),nifty200,63,POWERGRID,0.0784,157.84,2022-10-07,157.05,-0.5,63,3.0,182.0,223.0,0.0,Weak,1,historical
REC-20220706-0074,2022-07-06_63,2022-07-06,AEGIS Core v2.2 (2026-06-22),nifty200,63,EXIDEIND,0.0323,141.8,2022-10-07,157.2,10.86,63,3.0,108.0,223.0,0.0,Weak,1,historical
REC-20221007-0075,2022-10-07_63,2022-10-07,AEGIS Core v2.2 (2026-06-22),nifty200,63,IRFC,0.1217,21.35,2023-01-06,32.7,53.16,63,3.0,4.0,223.0,1.0,Weak,1,historical
REC-20221007-0076,2022-10-07_63,2022-10-07,AEGIS Core v2.2 (2026-06-22),nifty200,63,NESTLEIND,0.0724,966.05,2023-01-06,994.27,2.92,63,3.0,93.0,223.0,0.0,Weak,1,historical
REC-20221007-0077,2022-10-07_63,2022-10-07,AEGIS Core v2.2 (2026-06-22),nifty200,63,PFC,0.0636,83.96,2023-01-06,125.72,49.74,63,3.0,5.0,223.0,1.0,Weak,1,historical
REC-20221007-0078,2022-10-07_63,2022-10-07,AEGIS Core v2.2 (2026-06-22),nifty200,63,ITC,0.0762,292.73,2023-01-06,293.56,0.28,63,3.0,112.0,223.0,0.0,Weak,1,historical
REC-20221007-0079,2022-10-07_63,2022-10-07,AEGIS Core v2.2 (2026-06-22),nifty200,63,RELAXO,0.0606,1010.7,2023-01-06,896.4,-11.31,63,3.0,183.0,223.0,0.0,Weak,1,historical
REC-20221007-0080,2022-10-07_63,2022-10-07,AEGIS Core v2.2 (2026-06-22),nifty200,63,ALKEM,0.0911,3200.3,2023-01-06,3031.35,-5.28,63,3.0,152.0,223.0,0.0,Weak,1,historical
REC-20221007-0081,2022-10-07_63,2022-10-07,AEGIS Core v2.2 (2026-06-22),nifty200,63,IOC,0.058,67.45,2023-01-06,80.05,18.68,63,3.0,22.0,223.0,1.0,Weak,1,historical
REC-20221007-0082,2022-10-07_63,2022-10-07,AEGIS Core v2.2 (2026-06-22),nifty200,63,SJVN,0.0742,32.7,2023-01-06,34.45,5.35,63,3.0,78.0,223.0,0.0,Weak,1,historical
REC-20221007-0083,2022-10-07_63,2022-10-07,AEGIS Core v2.2 (2026-06-22),nifty200,63,RVNL,0.0513,36.0,2023-01-06,72.45,101.25,63,3.0,1.0,223.0,1.0,Weak,1,historical
REC-20221007-0084,2022-10-07_63,2022-10-07,AEGIS Core v2.2 (2026-06-22),nifty200,63,DRREDDY,0.0573,875.33,2023-01-06,854.35,-2.4,63,3.0,134.0,223.0,0.0,Weak,1,historical
REC-20221007-0085,2022-10-07_63,2022-10-07,AEGIS Core v2.2 (2026-06-22),nifty200,63,BHARTIARTL,0.0528,793.1,2023-01-06,796.0,0.37,63,3.0,111.0,223.0,0.0,Weak,1,historical
REC-20221007-0086,2022-10-07_63,2022-10-07,AEGIS Core v2.2 (2026-06-22),nifty200,63,PIDILITIND,0.0597,1331.3,2023-01-06,1261.15,-5.27,63,3.0,151.0,223.0,0.0,Weak,1,historical
REC-20221007-0087,2022-10-07_63,2022-10-07,AEGIS Core v2.2 (2026-06-22),nifty200,63,BAJAJ-AUTO,0.063,3603.55,2023-01-06,3642.25,1.07,63,3.0,105.0,223.0,0.0,Weak,1,historical
REC-20221007-0088,2022-10-07_63,2022-10-07,AEGIS Core v2.2 (2026-06-22),nifty200,63,ATUL,0.0493,8900.4,2023-01-06,7829.05,-12.04,63,3.0,191.0,223.0,0.0,Weak,1,historical
REC-20221007-0089,2022-10-07_63,2022-10-07,AEGIS Core v2.2 (2026-06-22),nifty200,63,HCLTECH,0.0488,957.7,2023-01-06,1032.8,7.84,63,3.0,64.0,223.0,0.0,Weak,1,historical
REC-20230106-0090,2023-01-06_63,2023-01-06,AEGIS Core v2.2 (2026-06-22),nifty200,63,PETRONET,0.0713,217.9,2023-04-12,231.45,6.22,63,3.0,56.0,224.0,1.0,Neutral,1,historical
REC-20230106-0091,2023-01-06_63,2023-01-06,AEGIS Core v2.2 (2026-06-22),nifty200,63,TORNTPHARM,0.1048,1546.5,2023-04-12,1587.65,2.66,63,3.0,80.0,224.0,0.0,Neutral,1,historical
REC-20230106-0092,2023-01-06_63,2023-01-06,AEGIS Core v2.2 (2026-06-22),nifty200,63,BAJAJ-AUTO,0.0697,3642.25,2023-04-12,4286.0,17.67,63,3.0,9.0,224.0,1.0,Neutral,1,historical
REC-20230106-0093,2023-01-06_63,2023-01-06,AEGIS Core v2.2 (2026-06-22),nifty200,63,ITC,0.0663,293.56,2023-04-12,350.46,19.38,63,3.0,7.0,224.0,1.0,Neutral,1,historical
REC-20230106-0094,2023-01-06_63,2023-01-06,AEGIS Core v2.2 (2026-06-22),nifty200,63,ALKEM,0.0976,3031.35,2023-04-12,3340.6,10.2,63,3.0,34.0,224.0,1.0,Neutral,1,historical
REC-20230106-0095,2023-01-06_63,2023-01-06,AEGIS Core v2.2 (2026-06-22),nifty200,63,UBL,0.0638,1657.55,2023-04-12,1383.75,-16.52,63,3.0,207.0,224.0,0.0,Neutral,1,historical
REC-20230106-0096,2023-01-06_63,2023-01-06,AEGIS Core v2.2 (2026-06-22),nifty200,63,PIDILITIND,0.0715,1261.15,2023-04-12,1173.9,-6.92,63,3.0,144.0,224.0,0.0,Neutral,1,historical
REC-20230106-0097,2023-01-06_63,2023-01-06,AEGIS Core v2.2 (2026-06-22),nifty200,63,IOC,0.0697,80.05,2023-04-12,78.0,-2.56,63,3.0,113.0,224.0,0.0,Neutral,1,historical
REC-20230106-0098,2023-01-06_63,2023-01-06,AEGIS Core v2.2 (2026-06-22),nifty200,63,ICICIBANK,0.0462,870.1,2023-04-12,890.15,2.3,63,3.0,85.0,224.0,0.0,Neutral,1,historical
REC-20230106-0099,2023-01-06_63,2023-01-06,AEGIS Core v2.2 (2026-06-22),nifty200,63,BHARTIARTL,0.0689,796.0,2023-04-12,771.1,-3.13,63,3.0,119.0,224.0,0.0,Neutral,1,historical
REC-20230106-0100,2023-01-06_63,2023-01-06,AEGIS Core v2.2 (2026-06-22),nifty200,63,HDFCBANK,0.0406,797.2,2023-04-12,842.45,5.68,63,3.0,61.0,224.0,0.0,Neutral,1,historical
REC-20230106-0101,2023-01-06_63,2023-01-06,AEGIS Core v2.2 (2026-06-22),nifty200,63,LT,0.0393,2086.55,2023-04-12,2288.5,9.68,63,3.0,37.0,224.0,1.0,Neutral,1,historical
REC-20230106-0102,2023-01-06_63,2023-01-06,AEGIS Core v2.2 (2026-06-22),nifty200,63,OFSS,0.0662,2996.3,2023-04-12,3312.5,10.55,63,3.0,31.0,224.0,1.0,Neutral,1,historical
REC-20230106-0103,2023-01-06_63,2023-01-06,AEGIS Core v2.2 (2026-06-22),nifty200,63,TCS,0.0431,3211.55,2023-04-12,3241.65,0.94,63,3.0,92.0,224.0,0.0,Neutral,1,historical
REC-20230106-0104,2023-01-06_63,2023-01-06,AEGIS Core v2.2 (2026-06-22),nifty200,63,RELAXO,0.081,896.4,2023-04-12,813.95,-9.2,63,3.0,167.0,224.0,0.0,Neutral,1,historical
REC-20230412-0105,2023-04-12_63,2023-04-12,AEGIS Core v2.2 (2026-06-22),nifty200,63,COLPAL,0.0864,1556.65,2023-07-13,1809.7,16.26,63,3.0,101.0,224.0,0.0,Strong,1,historical
REC-20230412-0106,2023-04-12_63,2023-04-12,AEGIS Core v2.2 (2026-06-22),nifty200,63,TATACONSUM,0.0748,718.4,2023-07-13,837.0,16.51,63,3.0,101.0,224.0,0.0,Strong,1,historical
REC-20230412-0107,2023-04-12_63,2023-04-12,AEGIS Core v2.2 (2026-06-22),nifty200,63,OFSS,0.0689,3312.5,2023-07-13,3842.8,16.01,63,3.0,104.0,224.0,0.0,Strong,1,historical
REC-20230412-0108,2023-04-12_63,2023-04-12,AEGIS Core v2.2 (2026-06-22),nifty200,63,TORNTPHARM,0.0676,1587.65,2023-07-13,1934.6,21.85,63,3.0,70.0,224.0,0.0,Strong,1,historical
REC-20230412-0109,2023-04-12_63,2023-04-12,AEGIS Core v2.2 (2026-06-22),nifty200,63,SUNPHARMA,0.0663,1016.7,2023-07-13,1075.0,5.73,63,3.0,170.0,224.0,0.0,Strong,1,historical
REC-20230412-0110,2023-04-12_63,2023-04-12,AEGIS Core v2.2 (2026-06-22),nifty200,63,WIPRO,0.0593,186.08,2023-07-13,197.38,6.07,63,3.0,167.0,224.0,0.0,Strong,1,historical
REC-20230412-0111,2023-04-12_63,2023-04-12,AEGIS Core v2.2 (2026-06-22),nifty200,63,PIDILITIND,0.0717,1173.9,2023-07-13,1309.5,11.55,63,3.0,133.0,224.0,0.0,Strong,1,historical
REC-20230412-0112,2023-04-12_63,2023-04-12,AEGIS Core v2.2 (2026-06-22),nifty200,63,ICICIGI,0.068,1090.85,2023-07-13,1356.0,24.31,63,3.0,54.0,224.0,1.0,Strong,1,historical
REC-20230412-0113,2023-04-12_63,2023-04-12,AEGIS Core v2.2 (2026-06-22),nifty200,63,BATAINDIA,0.0705,1392.6,2023-07-13,1659.0,19.13,63,3.0,85.0,224.0,0.0,Strong,1,historical
REC-20230412-0114,2023-04-12_63,2023-04-12,AEGIS Core v2.2 (2026-06-22),nifty200,63,KOTAKBANK,0.0783,368.81,2023-07-13,374.0,1.41,63,3.0,191.0,224.0,0.0,Strong,1,historical
REC-20230412-0115,2023-04-12_63,2023-04-12,AEGIS Core v2.2 (2026-06-22),nifty200,63,MARUTI,0.0593,8621.05,2023-07-13,9671.0,12.18,63,3.0,129.0,224.0,0.0,Strong,1,historical
REC-20230412-0116,2023-04-12_63,2023-04-12,AEGIS Core v2.2 (2026-06-22),nifty200,63,GRASIM,0.0618,1710.58,2023-07-13,1752.76,2.47,63,3.0,187.0,224.0,0.0,Strong,1,historical
REC-20230412-0117,2023-04-12_63,2023-04-12,AEGIS Core v2.2 (2026-06-22),nifty200,63,ASIANPAINT,0.0548,2786.75,2023-07-13,3400.0,22.01,63,3.0,69.0,224.0,0.0,Strong,1,historical
REC-20230412-0118,2023-04-12_63,2023-04-12,AEGIS Core v2.2 (2026-06-22),nifty200,63,NTPC,0.0577,175.8,2023-07-13,188.3,7.11,63,3.0,161.0,224.0,0.0,Strong,1,historical
REC-20230412-0119,2023-04-12_63,2023-04-12,AEGIS Core v2.2 (2026-06-22),nifty200,63,BHARTIARTL,0.0545,771.1,2023-07-13,884.95,14.76,63,3.0,112.0,224.0,0.0,Strong,1,historical
REC-20230713-0120,2023-07-13_63,2023-07-13,AEGIS Core v2.2 (2026-06-22),nifty200,63,SUNDARMFIN,0.1058,2551.0,2023-10-13,3186.25,24.9,63,3.0,35.0,224.0,1.0,Strong,1,historical
REC-20230713-0121,2023-07-13_63,2023-07-13,AEGIS Core v2.2 (2026-06-22),nifty200,63,COLPAL,0.0671,1809.7,2023-10-13,2041.65,12.82,63,3.0,80.0,224.0,0.0,Strong,1,historical
REC-20230713-0122,2023-07-13_63,2023-07-13,AEGIS Core v2.2 (2026-06-22),nifty200,63,ICICIBANK,0.0754,956.5,2023-10-13,951.3,-0.54,63,3.0,173.0,224.0,0.0,Strong,1,historical
REC-20230713-0123,2023-07-13_63,2023-07-13,AEGIS Core v2.2 (2026-06-22),nifty200,63,SUNPHARMA,0.0793,1075.0,2023-10-13,1145.3,6.54,63,3.0,126.0,224.0,0.0,Strong,1,historical
REC-20230713-0124,2023-07-13_63,2023-07-13,AEGIS Core v2.2 (2026-06-22),nifty200,63,PIDILITIND,0.0491,1309.5,2023-10-13,1230.03,-6.07,63,3.0,206.0,224.0,0.0,Strong,1,historical
REC-20230713-0125,2023-07-13_63,2023-07-13,AEGIS Core v2.2 (2026-06-22),nifty200,63,BATAINDIA,0.0555,1659.0,2023-10-13,1624.85,-2.06,63,3.0,183.0,224.0,0.0,Strong,1,historical
REC-20230713-0126,2023-07-13_63,2023-07-13,AEGIS Core v2.2 (2026-06-22),nifty200,63,MARUTI,0.0555,9671.0,2023-10-13,10727.55,10.92,63,3.0,92.0,224.0,0.0,Strong,1,historical
REC-20230713-0127,2023-07-13_63,2023-07-13,AEGIS Core v2.2 (2026-06-22),nifty200,63,BHARTIARTL,0.0895,884.95,2023-10-13,954.2,7.83,63,3.0,115.0,224.0,0.0,Strong,1,historical
REC-20230713-0128,2023-07-13_63,2023-07-13,AEGIS Core v2.2 (2026-06-22),nifty200,63,WIPRO,0.0698,197.38,2023-10-13,205.53,4.13,63,3.0,139.0,224.0,0.0,Strong,1,historical
REC-20230713-0129,2023-07-13_63,2023-07-13,AEGIS Core v2.2 (2026-06-22),nifty200,63,TCS,0.0581,3344.2,2023-10-13,3570.85,6.78,63,3.0,122.0,224.0,0.0,Strong,1,historical
REC-20230713-0130,2023-07-13_63,2023-07-13,AEGIS Core v2.2 (2026-06-22),nifty200,63,NESTLEIND,0.0494,1141.04,2023-10-13,1177.72,3.21,63,3.0,149.0,224.0,0.0,Strong,1,historical
REC-20230713-0131,2023-07-13_63,2023-07-13,AEGIS Core v2.2 (2026-06-22),nifty200,63,NTPC,0.0851,188.3,2023-10-13,242.05,28.54,63,3.0,22.0,224.0,1.0,Strong,1,historical
REC-20230713-0132,2023-07-13_63,2023-07-13,AEGIS Core v2.2 (2026-06-22),nifty200,63,MRF,0.0469,101309.3,2023-10-13,109200.0,7.79,63,3.0,116.0,224.0,0.0,Strong,1,historical
REC-20230713-0133,2023-07-13_63,2023-07-13,AEGIS Core v2.2 (2026-06-22),nifty200,63,GRASIM,0.0702,1752.76,2023-10-13,1974.67,12.66,63,3.0,83.0,224.0,0.0,Strong,1,historical
REC-20230713-0134,2023-07-13_63,2023-07-13,AEGIS Core v2.2 (2026-06-22),nifty200,63,ASIANPAINT,0.0434,3400.0,2023-10-13,3148.8,-7.39,63,3.0,211.0,224.0,0.0,Strong,1,historical
REC-20231013-0135,2023-10-13_63,2023-10-13,AEGIS Core v2.2 (2026-06-22),nifty200,63,ICICIBANK,0.0817,951.3,2024-01-15,1009.85,6.15,63,3.0,164.0,225.0,0.0,Neutral,1,historical
REC-20231013-0136,2023-10-13_63,2023-10-13,AEGIS Core v2.2 (2026-06-22),nifty200,63,HINDUNILVR,0.0613,2569.45,2024-01-15,2573.2,0.15,63,3.0,186.0,225.0,0.0,Neutral,1,historical
REC-20231013-0137,2023-10-13_63,2023-10-13,AEGIS Core v2.2 (2026-06-22),nifty200,63,NESTLEIND,0.0604,1177.72,2024-01-15,1273.78,8.16,63,3.0,154.0,225.0,0.0,Neutral,1,historical
REC-20231013-0138,2023-10-13_63,2023-10-13,AEGIS Core v2.2 (2026-06-22),nifty200,63,BHARTIARTL,0.0732,954.2,2024-01-15,1102.4,15.53,63,3.0,118.0,225.0,0.0,Neutral,1,historical
REC-20231013-0139,2023-10-13_63,2023-10-13,AEGIS Core v2.2 (2026-06-22),nifty200,63,ASIANPAINT,0.0549,3148.8,2024-01-15,3273.9,3.97,63,3.0,174.0,225.0,0.0,Neutral,1,historical
REC-20231013-0140,2023-10-13_63,2023-10-13,AEGIS Core v2.2 (2026-06-22),nifty200,63,TCS,0.0623,3570.85,2024-01-15,3903.8,9.32,63,3.0,149.0,225.0,0.0,Neutral,1,historical
REC-20231013-0141,2023-10-13_63,2023-10-13,AEGIS Core v2.2 (2026-06-22),nifty200,63,LICI,0.0824,317.33,2024-01-15,427.4,34.69,63,3.0,37.0,225.0,1.0,Neutral,1,historical
REC-20231013-0142,2023-10-13_63,2023-10-13,AEGIS Core v2.2 (2026-06-22),nifty200,63,SUNPHARMA,0.072,1145.3,2024-01-15,1329.35,16.07,63,3.0,114.0,225.0,0.0,Neutral,1,historical
REC-20231013-0143,2023-10-13_63,2023-10-13,AEGIS Core v2.2 (2026-06-22),nifty200,63,TITAN,0.0715,3283.75,2024-01-15,3758.85,14.47,63,3.0,126.0,225.0,0.0,Neutral,1,historical
REC-20231013-0144,2023-10-13_63,2023-10-13,AEGIS Core v2.2 (2026-06-22),nifty200,63,PIDILITIND,0.0534,1230.03,2024-01-15,1377.13,11.96,63,3.0,140.0,225.0,0.0,Neutral,1,historical
REC-20231013-0145,2023-10-13_63,2023-10-13,AEGIS Core v2.2 (2026-06-22),nifty200,63,RELIANCE,0.06,1174.65,2024-01-15,1394.13,18.68,63,3.0,103.0,225.0,0.0,Neutral,1,historical
REC-20231013-0146,2023-10-13_63,2023-10-13,AEGIS Core v2.2 (2026-06-22),nifty200,63,ULTRACEMCO,0.0695,8369.0,2024-01-15,9954.55,18.95,63,3.0,99.0,225.0,0.0,Neutral,1,historical
REC-20231013-0147,2023-10-13_63,2023-10-13,AEGIS Core v2.2 (2026-06-22),nifty200,63,MARUTI,0.06,10727.55,2024-01-15,10086.9,-5.97,63,3.0,214.0,225.0,0.0,Neutral,1,historical
REC-20231013-0148,2023-10-13_63,2023-10-13,AEGIS Core v2.2 (2026-06-22),nifty200,63,MRF,0.0696,109200.0,2024-01-15,136000.0,24.54,63,3.0,72.0,225.0,0.0,Neutral,1,historical
REC-20231013-0149,2023-10-13_63,2023-10-13,AEGIS Core v2.2 (2026-06-22),nifty200,63,ABBOTINDIA,0.0677,22307.35,2024-01-15,26210.45,17.5,63,3.0,107.0,225.0,0.0,Neutral,1,historical
REC-20240115-0150,2024-01-15_63,2024-01-15,AEGIS Core v2.2 (2026-06-22),nifty200,63,HINDUNILVR,0.0859,2573.2,2024-04-18,2214.8,-13.93,63,3.0,208.0,225.0,0.0,Weak,1,historical
REC-20240115-0151,2024-01-15_63,2024-01-15,AEGIS Core v2.2 (2026-06-22),nifty200,63,SUNPHARMA,0.0594,1329.35,2024-04-18,1516.4,14.07,63,3.0,65.0,225.0,0.0,Weak,1,historical
REC-20240115-0152,2024-01-15_63,2024-01-15,AEGIS Core v2.2 (2026-06-22),nifty200,63,MARUTI,0.0832,10086.9,2024-04-18,12405.0,22.98,63,3.0,40.0,225.0,1.0,Weak,1,historical
REC-20240115-0153,2024-01-15_63,2024-01-15,AEGIS Core v2.2 (2026-06-22),nifty200,63,HDFCBANK,0.0581,836.4,2024-04-18,747.35,-10.65,63,3.0,195.0,225.0,0.0,Weak,1,historical
REC-20240115-0154,2024-01-15_63,2024-01-15,AEGIS Core v2.2 (2026-06-22),nifty200,63,VINATIORGA,0.0937,1722.1,2024-04-18,1638.25,-4.87,63,3.0,162.0,225.0,0.0,Weak,1,historical
REC-20240115-0155,2024-01-15_63,2024-01-15,AEGIS Core v2.2 (2026-06-22),nifty200,63,RELIANCE,0.0569,1394.13,2024-04-18,1464.33,5.04,63,3.0,102.0,225.0,0.0,Weak,1,historical
REC-20240115-0156,2024-01-15_63,2024-01-15,AEGIS Core v2.2 (2026-06-22),nifty200,63,ICICIBANK,0.0575,1009.85,2024-04-18,1055.45,4.52,63,3.0,106.0,225.0,0.0,Weak,1,historical
REC-20240115-0157,2024-01-15_63,2024-01-15,AEGIS Core v2.2 (2026-06-22),nifty200,63,TITAN,0.0818,3758.85,2024-04-18,3525.1,-6.22,63,3.0,174.0,225.0,0.0,Weak,1,historical
REC-20240115-0158,2024-01-15_63,2024-01-15,AEGIS Core v2.2 (2026-06-22),nifty200,63,BRITANNIA,0.0669,5177.35,2024-04-18,4695.0,-9.32,63,3.0,190.0,225.0,0.0,Weak,1,historical
REC-20240115-0159,2024-01-15_63,2024-01-15,AEGIS Core v2.2 (2026-06-22),nifty200,63,BHARTIARTL,0.0546,1102.4,2024-04-18,1265.75,14.82,63,3.0,61.0,225.0,0.0,Weak,1,historical
REC-20240115-0160,2024-01-15_63,2024-01-15,AEGIS Core v2.2 (2026-06-22),nifty200,63,ASIANPAINT,0.0656,3273.9,2024-04-18,2807.7,-14.24,63,3.0,212.0,225.0,0.0,Weak,1,historical
REC-20240115-0161,2024-01-15_63,2024-01-15,AEGIS Core v2.2 (2026-06-22),nifty200,63,MRF,0.0763,136000.0,2024-04-18,129231.5,-4.98,63,3.0,164.0,225.0,0.0,Weak,1,historical
REC-20240115-0162,2024-01-15_63,2024-01-15,AEGIS Core v2.2 (2026-06-22),nifty200,63,GRASIM,0.0489,2101.0,2024-04-18,2226.05,5.95,63,3.0,98.0,225.0,0.0,Weak,1,historical
REC-20240115-0163,2024-01-15_63,2024-01-15,AEGIS Core v2.2 (2026-06-22),nifty200,63,TCS,0.0635,3903.8,2024-04-18,3862.0,-1.07,63,3.0,137.0,225.0,0.0,Weak,1,historical
REC-20240115-0164,2024-01-15_63,2024-01-15,AEGIS Core v2.2 (2026-06-22),nifty200,63,HINDZINC,0.0478,321.75,2024-04-18,404.95,25.86,63,3.0,28.0,225.0,1.0,Weak,1,historical
REC-20240418-0165,2024-04-18_63,2024-04-18,AEGIS Core v2.2 (2026-06-22),nifty200,63,HINDUNILVR,0.0737,2214.8,2024-07-19,2727.0,23.13,63,3.0,51.0,225.0,1.0,Neutral,1,historical
REC-20240418-0166,2024-04-18_63,2024-04-18,AEGIS Core v2.2 (2026-06-22),nifty200,63,ASIANPAINT,0.0663,2807.7,2024-07-19,2946.05,4.93,63,3.0,163.0,225.0,0.0,Neutral,1,historical
REC-20240418-0167,2024-04-18_63,2024-04-18,AEGIS Core v2.2 (2026-06-22),nifty200,63,BATAINDIA,0.054,1343.55,2024-07-19,1523.8,13.42,63,3.0,111.0,225.0,0.0,Neutral,1,historical
REC-20240418-0168,2024-04-18_63,2024-04-18,AEGIS Core v2.2 (2026-06-22),nifty200,63,KOTAKBANK,0.0502,357.35,2024-07-19,364.32,1.95,63,3.0,180.0,225.0,0.0,Neutral,1,historical
REC-20240418-0169,2024-04-18_63,2024-04-18,AEGIS Core v2.2 (2026-06-22),nifty200,63,ITC,0.0934,386.79,2024-07-19,446.08,15.33,63,3.0,97.0,225.0,0.0,Neutral,1,historical
REC-20240418-0170,2024-04-18_63,2024-04-18,AEGIS Core v2.2 (2026-06-22),nifty200,63,ICICIBANK,0.0488,1055.45,2024-07-19,1248.65,18.3,63,3.0,79.0,225.0,0.0,Neutral,1,historical
REC-20240418-0171,2024-04-18_63,2024-04-18,AEGIS Core v2.2 (2026-06-22),nifty200,63,SUNPHARMA,0.0833,1516.4,2024-07-19,1568.65,3.45,63,3.0,171.0,225.0,0.0,Neutral,1,historical
REC-20240418-0172,2024-04-18_63,2024-04-18,AEGIS Core v2.2 (2026-06-22),nifty200,63,RELIANCE,0.0497,1464.33,2024-07-19,1555.15,6.2,63,3.0,154.0,225.0,0.0,Neutral,1,historical
REC-20240418-0173,2024-04-18_63,2024-04-18,AEGIS Core v2.2 (2026-06-22),nifty200,63,VINATIORGA,0.0911,1638.25,2024-07-19,1926.85,17.62,63,3.0,84.0,225.0,0.0,Neutral,1,historical
REC-20240418-0174,2024-04-18_63,2024-04-18,AEGIS Core v2.2 (2026-06-22),nifty200,63,MARUTI,0.0792,12405.0,2024-07-19,12524.3,0.96,63,3.0,183.0,225.0,0.0,Neutral,1,historical
REC-20240418-0175,2024-04-18_63,2024-04-18,AEGIS Core v2.2 (2026-06-22),nifty200,63,DRREDDY,0.0773,1191.43,2024-07-19,1327.2,11.4,63,3.0,128.0,225.0,0.0,Neutral,1,historical
REC-20240418-0176,2024-04-18_63,2024-04-18,AEGIS Core v2.2 (2026-06-22),nifty200,63,BHARTIARTL,0.074,1265.75,2024-07-19,1461.75,15.48,63,3.0,96.0,225.0,0.0,Neutral,1,historical
REC-20240418-0177,2024-04-18_63,2024-04-18,AEGIS Core v2.2 (2026-06-22),nifty200,63,ULTRACEMCO,0.0405,9382.75,2024-07-19,11258.3,19.99,63,3.0,63.0,225.0,0.0,Neutral,1,historical
REC-20240418-0178,2024-04-18_63,2024-04-18,AEGIS Core v2.2 (2026-06-22),nifty200,63,TCS,0.0742,3862.0,2024-07-19,4302.4,11.4,63,3.0,127.0,225.0,0.0,Neutral,1,historical
REC-20240418-0179,2024-04-18_63,2024-04-18,AEGIS Core v2.2 (2026-06-22),nifty200,63,GRASIM,0.0442,2226.05,2024-07-19,2743.0,23.22,63,3.0,49.0,225.0,1.0,Neutral,1,historical
REC-20240719-0180,2024-07-19_63,2024-07-19,AEGIS Core v2.2 (2026-06-22),nifty200,63,ITC,0.0686,446.08,2024-10-18,457.5,2.56,63,3.0,106.0,225.0,0.0,Neutral,1,historical
REC-20240719-0181,2024-07-19_63,2024-07-19,AEGIS Core v2.2 (2026-06-22),nifty200,63,ASIANPAINT,0.0639,2946.05,2024-10-18,2992.15,1.56,63,3.0,119.0,225.0,0.0,Neutral,1,historical
REC-20240719-0182,2024-07-19_63,2024-07-19,AEGIS Core v2.2 (2026-06-22),nifty200,63,BATAINDIA,0.0639,1523.8,2024-10-18,1464.95,-3.86,63,3.0,161.0,225.0,0.0,Neutral,1,historical
REC-20240719-0183,2024-07-19_63,2024-07-19,AEGIS Core v2.2 (2026-06-22),nifty200,63,HINDUNILVR,0.0839,2727.0,2024-10-18,2717.1,-0.36,63,3.0,140.0,225.0,0.0,Neutral,1,historical
REC-20240719-0184,2024-07-19_63,2024-07-19,AEGIS Core v2.2 (2026-06-22),nifty200,63,INFY,0.0703,1792.95,2024-10-18,1879.6,4.83,63,3.0,91.0,225.0,0.0,Neutral,1,historical
REC-20240719-0185,2024-07-19_63,2024-07-19,AEGIS Core v2.2 (2026-06-22),nifty200,63,SUNPHARMA,0.0556,1568.65,2024-10-18,1910.35,21.78,63,3.0,24.0,225.0,1.0,Neutral,1,historical
REC-20240719-0186,2024-07-19_63,2024-07-19,AEGIS Core v2.2 (2026-06-22),nifty200,63,SBICARD,0.0796,718.6,2024-10-18,740.15,3.0,63,3.0,103.0,225.0,0.0,Neutral,1,historical
REC-20240719-0187,2024-07-19_63,2024-07-19,AEGIS Core v2.2 (2026-06-22),nifty200,63,DRREDDY,0.0565,1327.2,2024-10-18,1348.22,1.58,63,3.0,117.0,225.0,0.0,Neutral,1,historical
REC-20240719-0188,2024-07-19_63,2024-07-19,AEGIS Core v2.2 (2026-06-22),nifty200,63,PIIND,0.0915,3835.3,2024-10-18,4560.7,18.91,63,3.0,32.0,225.0,1.0,Neutral,1,historical
REC-20240719-0189,2024-07-19_63,2024-07-19,AEGIS Core v2.2 (2026-06-22),nifty200,63,TCS,0.0641,4302.4,2024-10-18,4123.05,-4.17,63,3.0,164.0,225.0,0.0,Neutral,1,historical
REC-20240719-0190,2024-07-19_63,2024-07-19,AEGIS Core v2.2 (2026-06-22),nifty200,63,HDFCBANK,0.078,803.65,2024-10-18,840.93,4.64,63,3.0,93.0,225.0,0.0,Neutral,1,historical
REC-20240719-0191,2024-07-19_63,2024-07-19,AEGIS Core v2.2 (2026-06-22),nifty200,63,PIDILITIND,0.0733,1567.38,2024-10-18,1592.0,1.57,63,3.0,118.0,225.0,0.0,Neutral,1,historical
REC-20240719-0192,2024-07-19_63,2024-07-19,AEGIS Core v2.2 (2026-06-22),nifty200,63,APOLLOHOSP,0.0472,6381.95,2024-10-18,6982.9,9.42,63,3.0,70.0,225.0,0.0,Neutral,1,historical
REC-20240719-0193,2024-07-19_63,2024-07-19,AEGIS Core v2.2 (2026-06-22),nifty200,63,MRF,0.0519,128123.55,2024-10-18,129444.65,1.03,63,3.0,123.0,225.0,0.0,Neutral,1,historical
REC-20240719-0194,2024-07-19_63,2024-07-19,AEGIS Core v2.2 (2026-06-22),nifty200,63,EICHERMOT,0.0516,4850.7,2024-10-18,4765.65,-1.75,63,3.0,149.0,225.0,0.0,Neutral,1,historical
REC-20241018-0195,2024-10-18_63,2024-10-18,AEGIS Core v2.2 (2026-06-22),nifty200,63,RELAXO,0.0982,782.05,2025-01-20,578.35,-26.05,63,3.0,218.0,225.0,0.0,Strong,1,historical
REC-20241018-0196,2024-10-18_63,2024-10-18,AEGIS Core v2.2 (2026-06-22),nifty200,63,SUNPHARMA,0.0847,1910.35,2025-01-20,1778.25,-6.91,63,3.0,97.0,225.0,0.0,Strong,1,historical
REC-20241018-0197,2024-10-18_63,2024-10-18,AEGIS Core v2.2 (2026-06-22),nifty200,63,DRREDDY,0.0908,1348.22,2025-01-20,1302.35,-3.4,63,3.0,66.0,225.0,0.0,Strong,1,historical
REC-20241018-0198,2024-10-18_63,2024-10-18,AEGIS Core v2.2 (2026-06-22),nifty200,63,NESTLEIND,0.0628,1175.13,2025-01-20,1107.0,-5.8,63,3.0,86.0,225.0,0.0,Strong,1,historical
REC-20241018-0199,2024-10-18_63,2024-10-18,AEGIS Core v2.2 (2026-06-22),nifty200,63,APOLLOHOSP,0.0654,6982.9,2025-01-20,6780.85,-2.89,63,3.0,63.0,225.0,0.0,Strong,1,historical
REC-20241018-0200,2024-10-18_63,2024-10-18,AEGIS Core v2.2 (2026-06-22),nifty200,63,ITC,0.0614,457.5,2025-01-20,437.7,-4.33,63,3.0,76.0,225.0,0.0,Strong,1,historical
REC-20241018-0201,2024-10-18_63,2024-10-18,AEGIS Core v2.2 (2026-06-22),nifty200,63,TCS,0.0619,4123.05,2025-01-20,4077.8,-1.1,63,3.0,53.0,225.0,1.0,Strong,1,historical
REC-20241018-0202,2024-10-18_63,2024-10-18,AEGIS Core v2.2 (2026-06-22),nifty200,63,SBICARD,0.0683,740.15,2025-01-20,761.5,2.88,63,3.0,36.0,225.0,1.0,Strong,1,historical
REC-20241018-0203,2024-10-18_63,2024-10-18,AEGIS Core v2.2 (2026-06-22),nifty200,63,PIDILITIND,0.0581,1592.0,2025-01-20,1393.88,-12.44,63,3.0,143.0,225.0,0.0,Strong,1,historical
REC-20241018-0204,2024-10-18_63,2024-10-18,AEGIS Core v2.2 (2026-06-22),nifty200,63,ASIANPAINT,0.0569,2992.15,2025-01-20,2280.55,-23.78,63,3.0,213.0,225.0,0.0,Strong,1,historical
REC-20241018-0205,2024-10-18_63,2024-10-18,AEGIS Core v2.2 (2026-06-22),nifty200,63,INFY,0.0547,1879.6,2025-01-20,1813.3,-3.53,63,3.0,68.0,225.0,0.0,Strong,1,historical
REC-20241018-0206,2024-10-18_63,2024-10-18,AEGIS Core v2.2 (2026-06-22),nifty200,63,SHREECEM,0.0797,24325.25,2025-01-20,25146.0,3.37,63,3.0,33.0,225.0,1.0,Strong,1,historical
REC-20241018-0207,2024-10-18_63,2024-10-18,AEGIS Core v2.2 (2026-06-22),nifty200,63,MRF,0.0528,129444.65,2025-01-20,113786.6,-12.1,63,3.0,140.0,225.0,0.0,Strong,1,historical
REC-20241018-0208,2024-10-18_63,2024-10-18,AEGIS Core v2.2 (2026-06-22),nifty200,63,EICHERMOT,0.0521,4765.65,2025-01-20,5016.75,5.27,63,3.0,24.0,225.0,1.0,Strong,1,historical
REC-20241018-0209,2024-10-18_63,2024-10-18,AEGIS Core v2.2 (2026-06-22),nifty200,63,KOTAKBANK,0.0521,374.21,2025-01-20,384.1,2.64,63,3.0,37.0,225.0,1.0,Strong,1,historical
REC-20250120-0210,2025-01-20_63,2025-01-20,AEGIS Core v2.2 (2026-06-22),nifty200,63,SUNPHARMA,0.0919,1778.25,2025-04-24,1803.9,1.44,63,3.0,107.0,225.0,0.0,Weak,1,historical
REC-20250120-0211,2025-01-20_63,2025-01-20,AEGIS Core v2.2 (2026-06-22),nifty200,63,ITC,0.0678,437.7,2025-04-24,430.05,-1.75,63,3.0,129.0,225.0,0.0,Weak,1,historical
REC-20250120-0212,2025-01-20_63,2025-01-20,AEGIS Core v2.2 (2026-06-22),nifty200,63,NESTLEIND,0.0638,1107.0,2025-04-24,1216.6,9.9,63,3.0,52.0,225.0,1.0,Weak,1,historical
REC-20250120-0213,2025-01-20_63,2025-01-20,AEGIS Core v2.2 (2026-06-22),nifty200,63,ICICIBANK,0.057,1232.95,2025-04-24,1402.7,13.77,63,3.0,33.0,225.0,1.0,Weak,1,historical
REC-20250120-0214,2025-01-20_63,2025-01-20,AEGIS Core v2.2 (2026-06-22),nifty200,63,HDFCBANK,0.0643,825.63,2025-04-24,958.4,16.08,63,3.0,22.0,225.0,1.0,Weak,1,historical
REC-20250120-0215,2025-01-20_63,2025-01-20,AEGIS Core v2.2 (2026-06-22),nifty200,63,MRF,0.0989,113786.6,2025-04-24,129920.0,14.18,63,3.0,30.0,225.0,1.0,Weak,1,historical
REC-20250120-0216,2025-01-20_63,2025-01-20,AEGIS Core v2.2 (2026-06-22),nifty200,63,DRREDDY,0.0782,1302.35,2025-04-24,1200.5,-7.82,63,3.0,166.0,225.0,0.0,Weak,1,historical
REC-20250120-0217,2025-01-20_63,2025-01-20,AEGIS Core v2.2 (2026-06-22),nifty200,63,RELIANCE,0.0421,1305.45,2025-04-24,1301.6,-0.29,63,3.0,119.0,225.0,0.0,Weak,1,historical
REC-20250120-0218,2025-01-20_63,2025-01-20,AEGIS Core v2.2 (2026-06-22),nifty200,63,PIDILITIND,0.0658,1393.88,2025-04-24,1538.2,10.35,63,3.0,49.0,225.0,1.0,Weak,1,historical
REC-20250120-0219,2025-01-20_63,2025-01-20,AEGIS Core v2.2 (2026-06-22),nifty200,63,BHARTIARTL,0.0566,1641.15,2025-04-24,1845.6,12.46,63,3.0,38.0,225.0,1.0,Weak,1,historical
REC-20250120-0220,2025-01-20_63,2025-01-20,AEGIS Core v2.2 (2026-06-22),nifty200,63,TITAN,0.046,3382.25,2025-04-24,3382.6,0.01,63,3.0,115.0,225.0,0.0,Weak,1,historical
REC-20250120-0221,2025-01-20_63,2025-01-20,AEGIS Core v2.2 (2026-06-22),nifty200,63,TCS,0.0796,4077.8,2025-04-24,3401.6,-16.58,63,3.0,210.0,225.0,0.0,Weak,1,historical
REC-20250120-0222,2025-01-20_63,2025-01-20,AEGIS Core v2.2 (2026-06-22),nifty200,63,APOLLOHOSP,0.0634,6780.85,2025-04-24,7159.5,5.58,63,3.0,82.0,225.0,0.0,Weak,1,historical
REC-20250120-0223,2025-01-20_63,2025-01-20,AEGIS Core v2.2 (2026-06-22),nifty200,63,ULTRACEMCO,0.036,10624.45,2025-04-24,12159.0,14.44,63,3.0,29.0,225.0,1.0,Weak,1,historical
REC-20250120-0224,2025-01-20_63,2025-01-20,AEGIS Core v2.2 (2026-06-22),nifty200,63,RATNAMANI,0.0886,2989.55,2025-04-24,2700.0,-9.69,63,3.0,183.0,225.0,0.0,Weak,1,historical
REC-20250424-0225,2025-04-24_63,2025-04-24,AEGIS Core v2.2 (2026-06-22),nifty200,63,ITC,0.0918,430.05,2025-07-23,414.95,-3.51,63,3.0,190.0,225.0,0.0,Weak,1,historical
REC-20250424-0226,2025-04-24_63,2025-04-24,AEGIS Core v2.2 (2026-06-22),nifty200,63,NESTLEIND,0.073,1216.6,2025-07-23,1226.25,0.79,63,3.0,155.0,225.0,0.0,Weak,1,historical
REC-20250424-0227,2025-04-24_63,2025-04-24,AEGIS Core v2.2 (2026-06-22),nifty200,63,ICICIBANK,0.066,1402.7,2025-07-23,1488.6,6.12,63,3.0,107.0,225.0,0.0,Weak,1,historical
REC-20250424-0228,2025-04-24_63,2025-04-24,AEGIS Core v2.2 (2026-06-22),nifty200,63,HDFCBANK,0.0759,958.4,2025-07-23,1012.15,5.61,63,3.0,111.0,225.0,0.0,Weak,1,historical
REC-20250424-0229,2025-04-24_63,2025-04-24,AEGIS Core v2.2 (2026-06-22),nifty200,63,PIDILITIND,0.0706,1538.2,2025-07-23,1459.45,-5.12,63,3.0,201.0,225.0,0.0,Weak,1,historical
REC-20250424-0230,2025-04-24_63,2025-04-24,AEGIS Core v2.2 (2026-06-22),nifty200,63,MRF,0.0558,129920.0,2025-07-23,149915.0,15.39,63,3.0,33.0,225.0,1.0,Weak,1,historical
REC-20250424-0231,2025-04-24_63,2025-04-24,AEGIS Core v2.2 (2026-06-22),nifty200,63,AIAENG,0.0652,3171.3,2025-07-23,3354.5,5.78,63,3.0,109.0,225.0,0.0,Weak,1,historical
REC-20250424-0232,2025-04-24_63,2025-04-24,AEGIS Core v2.2 (2026-06-22),nifty200,63,MARUTI,0.0656,11894.0,2025-07-23,12627.0,6.16,63,3.0,106.0,225.0,0.0,Weak,1,historical
REC-20250424-0233,2025-04-24_63,2025-04-24,AEGIS Core v2.2 (2026-06-22),nifty200,63,RELIANCE,0.0502,1301.6,2025-07-23,1424.6,9.45,63,3.0,67.0,225.0,0.0,Weak,1,historical
REC-20250424-0234,2025-04-24_63,2025-04-24,AEGIS Core v2.2 (2026-06-22),nifty200,63,TORNTPHARM,0.0768,3325.1,2025-07-23,3553.7,6.87,63,3.0,97.0,225.0,0.0,Weak,1,historical
REC-20250424-0235,2025-04-24_63,2025-04-24,AEGIS Core v2.2 (2026-06-22),nifty200,63,SUNPHARMA,0.0582,1803.9,2025-07-23,1682.5,-6.73,63,3.0,207.0,225.0,0.0,Weak,1,historical
REC-20250424-0236,2025-04-24_63,2025-04-24,AEGIS Core v2.2 (2026-06-22),nifty200,63,ASIANPAINT,0.0494,2464.4,2025-07-23,2375.4,-3.61,63,3.0,194.0,225.0,0.0,Weak,1,historical
REC-20250424-0237,2025-04-24_63,2025-04-24,AEGIS Core v2.2 (2026-06-22),nifty200,63,TCS,0.0873,3401.6,2025-07-23,3179.1,-6.54,63,3.0,206.0,225.0,0.0,Weak,1,historical
REC-20250424-0238,2025-04-24_63,2025-04-24,AEGIS Core v2.2 (2026-06-22),nifty200,63,COALINDIA,0.044,399.85,2025-07-23,390.75,-2.28,63,3.0,180.0,225.0,0.0,Weak,1,historical
REC-20250424-0239,2025-04-24_63,2025-04-24,AEGIS Core v2.2 (2026-06-22),nifty200,63,SHREECEM,0.0701,30705.0,2025-07-23,32115.0,4.59,63,3.0,122.0,225.0,0.0,Weak,1,historical
REC-20250723-0240,2025-07-23_63,2025-07-23,AEGIS Core v2.2 (2026-06-22),nifty200,63,PIDILITIND,0.108,1459.45,2025-10-24,1507.1,3.26,63,3.0,76.0,225.0,0.0,Strong,1,historical
REC-20250723-0241,2025-07-23_63,2025-07-23,AEGIS Core v2.2 (2026-06-22),nifty200,63,ITC,0.0736,414.95,2025-10-24,416.8,0.45,63,3.0,98.0,225.0,0.0,Strong,1,historical
REC-20250723-0242,2025-07-23_63,2025-07-23,AEGIS Core v2.2 (2026-06-22),nifty200,63,HDFCBANK,0.0649,1012.15,2025-10-24,994.75,-1.72,63,3.0,114.0,225.0,0.0,Strong,1,historical
REC-20250723-0243,2025-07-23_63,2025-07-23,AEGIS Core v2.2 (2026-06-22),nifty200,63,ICICIBANK,0.0637,1488.6,2025-10-24,1377.7,-7.45,63,3.0,172.0,225.0,0.0,Strong,1,historical
REC-20250723-0244,2025-07-23_63,2025-07-23,AEGIS Core v2.2 (2026-06-22),nifty200,63,NESTLEIND,0.0625,1226.25,2025-10-24,1282.0,4.55,63,3.0,66.0,225.0,0.0,Strong,1,historical
REC-20250723-0245,2025-07-23_63,2025-07-23,AEGIS Core v2.2 (2026-06-22),nifty200,63,ACC,0.0622,1950.0,2025-10-24,1850.1,-5.12,63,3.0,152.0,225.0,0.0,Strong,1,historical
REC-20250723-0246,2025-07-23_63,2025-07-23,AEGIS Core v2.2 (2026-06-22),nifty200,63,ASIANPAINT,0.0641,2375.4,2025-10-24,2501.6,5.31,63,3.0,61.0,225.0,0.0,Strong,1,historical
REC-20250723-0247,2025-07-23_63,2025-07-23,AEGIS Core v2.2 (2026-06-22),nifty200,63,MARUTI,0.0652,12627.0,2025-10-24,16274.0,28.88,63,3.0,2.0,225.0,1.0,Strong,1,historical
REC-20250723-0248,2025-07-23_63,2025-07-23,AEGIS Core v2.2 (2026-06-22),nifty200,63,TCS,0.0798,3179.1,2025-10-24,3063.2,-3.65,63,3.0,139.0,225.0,0.0,Strong,1,historical
REC-20250723-0249,2025-07-23_63,2025-07-23,AEGIS Core v2.2 (2026-06-22),nifty200,63,DRREDDY,0.0545,1247.4,2025-10-24,1283.6,2.9,63,3.0,80.0,225.0,0.0,Strong,1,historical
REC-20250723-0250,2025-07-23_63,2025-07-23,AEGIS Core v2.2 (2026-06-22),nifty200,63,SHREECEM,0.0539,32115.0,2025-10-24,28710.0,-10.6,63,3.0,194.0,225.0,0.0,Strong,1,historical
REC-20250723-0251,2025-07-23_63,2025-07-23,AEGIS Core v2.2 (2026-06-22),nifty200,63,APOLLOHOSP,0.0572,7373.5,2025-10-24,7837.5,6.29,63,3.0,55.0,225.0,1.0,Strong,1,historical
REC-20250723-0252,2025-07-23_63,2025-07-23,AEGIS Core v2.2 (2026-06-22),nifty200,63,CIPLA,0.0562,1473.5,2025-10-24,1584.4,7.53,63,3.0,47.0,225.0,1.0,Strong,1,historical
REC-20250723-0253,2025-07-23_63,2025-07-23,AEGIS Core v2.2 (2026-06-22),nifty200,63,COALINDIA,0.0524,390.75,2025-10-24,394.05,0.84,63,3.0,92.0,225.0,0.0,Strong,1,historical
REC-20250723-0254,2025-07-23_63,2025-07-23,AEGIS Core v2.2 (2026-06-22),nifty200,63,MRF,0.0817,149915.0,2025-10-24,160190.0,6.85,63,3.0,53.0,225.0,1.0,Strong,1,historical
REC-20251024-0255,2025-10-24_63,2025-10-24,AEGIS Core v2.2 (2026-06-22),nifty200,63,HDFCBANK,0.067,994.75,2026-01-27,926.4,-6.87,63,3.0,125.0,225.0,0.0,Strong,1,historical
REC-20251024-0256,2025-10-24_63,2025-10-24,AEGIS Core v2.2 (2026-06-22),nifty200,63,SBIN,0.0703,904.5,2026-01-27,1053.15,16.43,63,3.0,17.0,225.0,1.0,Strong,1,historical
REC-20251024-0257,2025-10-24_63,2025-10-24,AEGIS Core v2.2 (2026-06-22),nifty200,63,COALINDIA,0.0719,394.05,2026-01-27,422.9,7.32,63,3.0,37.0,225.0,1.0,Strong,1,historical
REC-20251024-0258,2025-10-24_63,2025-10-24,AEGIS Core v2.2 (2026-06-22),nifty200,63,ITC,0.0723,416.8,2026-01-27,318.65,-23.55,63,3.0,214.0,225.0,0.0,Strong,1,historical
REC-20251024-0259,2025-10-24_63,2025-10-24,AEGIS Core v2.2 (2026-06-22),nifty200,63,NTPC,0.064,339.6,2026-01-27,344.7,1.5,63,3.0,72.0,225.0,0.0,Strong,1,historical
REC-20251024-0260,2025-10-24_63,2025-10-24,AEGIS Core v2.2 (2026-06-22),nifty200,63,ACC,0.0645,1850.1,2026-01-27,1687.9,-8.77,63,3.0,140.0,225.0,0.0,Strong,1,historical
REC-20251024-0261,2025-10-24_63,2025-10-24,AEGIS Core v2.2 (2026-06-22),nifty200,63,PIDILITIND,0.0947,1507.1,2026-01-27,1447.2,-3.97,63,3.0,106.0,225.0,0.0,Strong,1,historical
REC-20251024-0262,2025-10-24_63,2025-10-24,AEGIS Core v2.2 (2026-06-22),nifty200,63,ONGC,0.0699,254.96,2026-01-27,247.95,-2.75,63,3.0,93.0,225.0,0.0,Strong,1,historical
REC-20251024-0263,2025-10-24_63,2025-10-24,AEGIS Core v2.2 (2026-06-22),nifty200,63,MARICO,0.0865,725.85,2026-01-27,745.8,2.75,63,3.0,66.0,225.0,0.0,Strong,1,historical
REC-20251024-0264,2025-10-24_63,2025-10-24,AEGIS Core v2.2 (2026-06-22),nifty200,63,ULTRACEMCO,0.0462,11918.0,2026-01-27,12589.0,5.63,63,3.0,49.0,225.0,1.0,Strong,1,historical
REC-20251024-0265,2025-10-24_63,2025-10-24,AEGIS Core v2.2 (2026-06-22),nifty200,63,LT,0.053,3904.9,2026-01-27,3787.8,-3.0,63,3.0,97.0,225.0,0.0,Strong,1,historical
REC-20251024-0266,2025-10-24_63,2025-10-24,AEGIS Core v2.2 (2026-06-22),nifty200,63,EICHERMOT,0.0602,6840.0,2026-01-27,7164.5,4.74,63,3.0,53.0,225.0,1.0,Strong,1,historical
REC-20251024-0267,2025-10-24_63,2025-10-24,AEGIS Core v2.2 (2026-06-22),nifty200,63,BHARTIARTL,0.0432,2029.3,2026-01-27,1973.4,-2.75,63,3.0,94.0,225.0,0.0,Strong,1,historical
REC-20251024-0268,2025-10-24_63,2025-10-24,AEGIS Core v2.2 (2026-06-22),nifty200,63,SUNPHARMA,0.0941,1699.0,2026-01-27,1638.9,-3.54,63,3.0,103.0,225.0,0.0,Strong,1,historical
REC-20251024-0269,2025-10-24_63,2025-10-24,AEGIS Core v2.2 (2026-06-22),nifty200,63,RELIANCE,0.0422,1451.6,2026-01-27,1380.5,-4.9,63,3.0,111.0,225.0,0.0,Strong,1,historical
REC-20260127-0270,2026-01-27_63,2026-01-27,AEGIS Core v2.2 (2026-06-22),nifty200,63,HDFCBANK,0.1139,926.4,2026-04-30,771.7,-16.7,63,3.0,210.0,225.0,0.0,Weak,1,historical
REC-20260127-0271,2026-01-27_63,2026-01-27,AEGIS Core v2.2 (2026-06-22),nifty200,63,SBIN,0.0741,1053.15,2026-04-30,1068.45,1.45,63,3.0,111.0,225.0,0.0,Weak,1,historical
REC-20260127-0272,2026-01-27_63,2026-01-27,AEGIS Core v2.2 (2026-06-22),nifty200,63,LT,0.0864,3787.8,2026-04-30,4014.0,5.97,63,3.0,83.0,225.0,0.0,Weak,1,historical
REC-20260127-0273,2026-01-27_63,2026-01-27,AEGIS Core v2.2 (2026-06-22),nifty200,63,UBL,0.1088,1423.6,2026-04-30,1458.6,2.46,63,3.0,102.0,225.0,0.0,Weak,1,historical
REC-20260127-0274,2026-01-27_63,2026-01-27,AEGIS Core v2.2 (2026-06-22),nifty200,63,ONGC,0.0488,247.95,2026-04-30,299.55,20.81,63,3.0,37.0,225.0,1.0,Weak,1,historical
REC-20260127-0275,2026-01-27_63,2026-01-27,AEGIS Core v2.2 (2026-06-22),nifty200,63,PIDILITIND,0.0643,1447.2,2026-04-30,1375.7,-4.94,63,3.0,159.0,225.0,0.0,Weak,1,historical
REC-20260127-0276,2026-01-27_63,2026-01-27,AEGIS Core v2.2 (2026-06-22),nifty200,63,SHREECEM,0.0474,27220.0,2026-04-30,24195.0,-11.11,63,3.0,189.0,225.0,0.0,Weak,1,historical
REC-20260127-0277,2026-01-27_63,2026-01-27,AEGIS Core v2.2 (2026-06-22),nifty200,63,ULTRACEMCO,0.0471,12589.0,2026-04-30,11586.0,-7.97,63,3.0,173.0,225.0,0.0,Weak,1,historical
REC-20260127-0278,2026-01-27_63,2026-01-27,AEGIS Core v2.2 (2026-06-22),nifty200,63,MARICO,0.0735,745.8,2026-04-30,775.0,3.92,63,3.0,95.0,225.0,0.0,Weak,1,historical
REC-20260127-0279,2026-01-27_63,2026-01-27,AEGIS Core v2.2 (2026-06-22),nifty200,63,NTPC,0.0383,344.7,2026-04-30,399.15,15.8,63,3.0,45.0,225.0,1.0,Weak,1,historical
REC-20260127-0280,2026-01-27_63,2026-01-27,AEGIS Core v2.2 (2026-06-22),nifty200,63,BHARTIARTL,0.078,1973.4,2026-04-30,1886.8,-4.39,63,3.0,153.0,225.0,0.0,Weak,1,historical
REC-20260127-0281,2026-01-27_63,2026-01-27,AEGIS Core v2.2 (2026-06-22),nifty200,63,RELIANCE,0.064,1380.5,2026-04-30,1430.8,3.64,63,3.0,98.0,225.0,0.0,Weak,1,historical
REC-20260127-0282,2026-01-27_63,2026-01-27,AEGIS Core v2.2 (2026-06-22),nifty200,63,TITAN,0.0759,3997.0,2026-04-30,4385.2,9.71,63,3.0,70.0,225.0,0.0,Weak,1,historical
REC-20260127-0283,2026-01-27_63,2026-01-27,AEGIS Core v2.2 (2026-06-22),nifty200,63,POWERGRID,0.0371,254.35,2026-04-30,318.35,25.16,63,3.0,24.0,225.0,1.0,Weak,1,historical
REC-20260127-0284,2026-01-27_63,2026-01-27,AEGIS Core v2.2 (2026-06-22),nifty200,63,IRCTC,0.0422,607.5,2026-04-30,539.55,-11.19,63,3.0,190.0,225.0,0.0,Weak,1,historical
REC-20260623-0285,2026-06-23_63,2026-06-23,AEGIS Core v2.2 (2026-06-22),nifty200,63,MARICO,0.0838,821.05,2026-06-23,,,63,3.0,,,,Weak,0,live
REC-20260623-0286,2026-06-23_63,2026-06-23,AEGIS Core v2.2 (2026-06-22),nifty200,63,APOLLOHOSP,0.0795,8457.0,2026-06-23,,,63,3.0,,,,Weak,0,live
REC-20260623-0287,2026-06-23_63,2026-06-23,AEGIS Core v2.2 (2026-06-22),nifty200,63,LUPIN,0.1093,2357.8,2026-06-23,,,63,3.0,,,,Weak,0,live
REC-20260623-0288,2026-06-23_63,2026-06-23,AEGIS Core v2.2 (2026-06-22),nifty200,63,BRITANNIA,0.0614,5241.0,2026-06-23,,,63,3.0,,,,Weak,0,live
REC-20260623-0289,2026-06-23_63,2026-06-23,AEGIS Core v2.2 (2026-06-22),nifty200,63,BHARTIARTL,0.1007,1901.6,2026-06-23,,,63,3.0,,,,Weak,0,live
REC-20260623-0290,2026-06-23_63,2026-06-23,AEGIS Core v2.2 (2026-06-22),nifty200,63,ICICIGI,0.0645,1833.7,2026-06-23,,,63,3.0,,,,Weak,0,live
REC-20260623-0291,2026-06-23_63,2026-06-23,AEGIS Core v2.2 (2026-06-22),nifty200,63,ABBOTINDIA,0.1121,25570.0,2026-06-23,,,63,3.0,,,,Weak,0,live
REC-20260623-0292,2026-06-23_63,2026-06-23,AEGIS Core v2.2 (2026-06-22),nifty200,63,ICICIBANK,0.0521,1338.3,2026-06-23,,,63,3.0,,,,Weak,0,live
REC-20260623-0293,2026-06-23_63,2026-06-23,AEGIS Core v2.2 (2026-06-22),nifty200,63,NTPC,0.0515,364.6,2026-06-23,,,63,3.0,,,,Weak,0,live
REC-20260623-0294,2026-06-23_63,2026-06-23,AEGIS Core v2.2 (2026-06-22),nifty200,63,SHREECEM,0.0417,25035.0,2026-06-23,,,63,3.0,,,,Weak,0,live
REC-20260623-0295,2026-06-23_63,2026-06-23,AEGIS Core v2.2 (2026-06-22),nifty200,63,POWERGRID,0.0484,291.95,2026-06-23,,,63,3.0,,,,Weak,0,live
REC-20260623-0296,2026-06-23_63,2026-06-23,AEGIS Core v2.2 (2026-06-22),nifty200,63,RELIANCE,0.0524,1309.5,2026-06-23,,,63,3.0,,,,Weak,0,live
REC-20260623-0297,2026-06-23_63,2026-06-23,AEGIS Core v2.2 (2026-06-22),nifty200,63,PIDILITIND,0.0515,1566.7,2026-06-23,,,63,3.0,,,,Weak,0,live
REC-20260623-0298,2026-06-23_63,2026-06-23,AEGIS Core v2.2 (2026-06-22),nifty200,63,PAGEIND,0.0528,39985.0,2026-06-23,,,63,3.0,,,,Weak,0,live
REC-20260623-0299,2026-06-23_63,2026-06-23,AEGIS Core v2.2 (2026-06-22),nifty200,63,GRASIM,0.0382,3144.3,2026-06-23,,,63,3.0,,,,Weak,0,live
REC-20260625-0300,2026-06-25_63,2026-06-25,AEGIS Core v2.2 (2026-06-22),nifty200,63,MARICO,0.07,825.8,2026-06-25,,,63,3.0,,,,Weak,0,live
REC-20260625-0301,2026-06-25_63,2026-06-25,AEGIS Core v2.2 (2026-06-22),nifty200,63,LUPIN,0.0932,2343.5,2026-06-25,,,63,3.0,,,,Weak,0,live
REC-20260625-0302,2026-06-25_63,2026-06-25,AEGIS Core v2.2 (2026-06-22),nifty200,63,APOLLOHOSP,0.0834,8592.0,2026-06-25,,,63,3.0,,,,Weak,0,live
REC-20260625-0303,2026-06-25_63,2026-06-25,AEGIS Core v2.2 (2026-06-22),nifty200,63,BRITANNIA,0.0597,5237.0,2026-06-25,,,63,3.0,,,,Weak,0,live
REC-20260625-0304,2026-06-25_63,2026-06-25,AEGIS Core v2.2 (2026-06-22),nifty200,63,BHARTIARTL,0.0653,1850.7,2026-06-25,,,63,3.0,,,,Weak,0,live
REC-20260625-0305,2026-06-25_63,2026-06-25,AEGIS Core v2.2 (2026-06-22),nifty200,63,ABBOTINDIA,0.1311,25585.0,2026-06-25,,,63,3.0,,,,Weak,0,live
REC-20260625-0306,2026-06-25_63,2026-06-25,AEGIS Core v2.2 (2026-06-22),nifty200,63,ICICIGI,0.0596,1813.6,2026-06-25,,,63,3.0,,,,Weak,0,live
REC-20260625-0307,2026-06-25_63,2026-06-25,AEGIS Core v2.2 (2026-06-22),nifty200,63,KOTAKBANK,0.0499,409.0,2026-06-25,,,63,3.0,,,,Weak,0,live
REC-20260625-0308,2026-06-25_63,2026-06-25,AEGIS Core v2.2 (2026-06-22),nifty200,63,NTPC,0.0766,352.05,2026-06-25,,,63,3.0,,,,Weak,0,live
REC-20260625-0309,2026-06-25_63,2026-06-25,AEGIS Core v2.2 (2026-06-22),nifty200,63,POWERGRID,0.0732,283.9,2026-06-25,,,63,3.0,,,,Weak,0,live
REC-20260625-0310,2026-06-25_63,2026-06-25,AEGIS Core v2.2 (2026-06-22),nifty200,63,SHREECEM,0.0394,25735.0,2026-06-25,,,63,3.0,,,,Weak,0,live
REC-20260625-0311,2026-06-25_63,2026-06-25,AEGIS Core v2.2 (2026-06-22),nifty200,63,RELIANCE,0.0632,1318.1,2026-06-25,,,63,3.0,,,,Weak,0,live
REC-20260625-0312,2026-06-25_63,2026-06-25,AEGIS Core v2.2 (2026-06-22),nifty200,63,PIDILITIND,0.0384,1597.0,2026-06-25,,,63,3.0,,,,Weak,0,live
REC-20260625-0313,2026-06-25_63,2026-06-25,AEGIS Core v2.2 (2026-06-22),nifty200,63,GRASIM,0.0424,3126.6,2026-06-25,,,63,3.0,,,,Weak,0,live
REC-20260625-0314,2026-06-25_63,2026-06-25,AEGIS Core v2.2 (2026-06-22),nifty200,63,PAGEIND,0.0547,40950.0,2026-06-25,,,63,3.0,,,,Weak,0,live
REC-20260629-0315,2026-06-29_63,2026-06-29,AEGIS Core v2.2 (2026-06-22),nifty200,63,MARICO,0.0731,841.55,2026-06-29,,,63,3.0,,,,Weak,0,live
REC-20260629-0316,2026-06-29_63,2026-06-29,AEGIS Core v2.2 (2026-06-22),nifty200,63,APOLLOHOSP,0.0707,8717.5,2026-06-29,,,63,3.0,,,,Weak,0,live
REC-20260629-0317,2026-06-29_63,2026-06-29,AEGIS Core v2.2 (2026-06-22),nifty200,63,LUPIN,0.0873,2393.1,2026-06-29,,,63,3.0,,,,Weak,0,live
REC-20260629-0318,2026-06-29_63,2026-06-29,AEGIS Core v2.2 (2026-06-22),nifty200,63,BRITANNIA,0.0623,5229.0,2026-06-29,,,63,3.0,,,,Weak,0,live
REC-20260629-0319,2026-06-29_63,2026-06-29,AEGIS Core v2.2 (2026-06-22),nifty200,63,BHARTIARTL,0.1113,1845.0,2026-06-29,,,63,3.0,,,,Weak,0,live
REC-20260629-0320,2026-06-29_63,2026-06-29,AEGIS Core v2.2 (2026-06-22),nifty200,63,ABBOTINDIA,0.1198,25675.0,2026-06-29,,,63,3.0,,,,Weak,0,live
REC-20260629-0321,2026-06-29_63,2026-06-29,AEGIS Core v2.2 (2026-06-22),nifty200,63,ICICIGI,0.0586,1799.0,2026-06-29,,,63,3.0,,,,Weak,0,live
REC-20260629-0322,2026-06-29_63,2026-06-29,AEGIS Core v2.2 (2026-06-22),nifty200,63,ICICIBANK,0.044,1389.7,2026-06-29,,,63,3.0,,,,Weak,0,live
REC-20260629-0323,2026-06-29_63,2026-06-29,AEGIS Core v2.2 (2026-06-22),nifty200,63,NTPC,0.0908,355.55,2026-06-29,,,63,3.0,,,,Weak,0,live
REC-20260629-0324,2026-06-29_63,2026-06-29,AEGIS Core v2.2 (2026-06-22),nifty200,63,POWERGRID,0.0599,285.5,2026-06-29,,,63,3.0,,,,Weak,0,live
REC-20260629-0325,2026-06-29_63,2026-06-29,AEGIS Core v2.2 (2026-06-22),nifty200,63,SHREECEM,0.0352,25600.0,2026-06-29,,,63,3.0,,,,Weak,0,live
REC-20260629-0326,2026-06-29_63,2026-06-29,AEGIS Core v2.2 (2026-06-22),nifty200,63,RELIANCE,0.0568,1309.9,2026-06-29,,,63,3.0,,,,Weak,0,live
REC-20260629-0327,2026-06-29_63,2026-06-29,AEGIS Core v2.2 (2026-06-22),nifty200,63,PIDILITIND,0.0343,1611.0,2026-06-29,,,63,3.0,,,,Weak,0,live
REC-20260629-0328,2026-06-29_63,2026-06-29,AEGIS Core v2.2 (2026-06-22),nifty200,63,GRASIM,0.0375,3113.8,2026-06-29,,,63,3.0,,,,Weak,0,live
REC-20260629-0329,2026-06-29_63,2026-06-29,AEGIS Core v2.2 (2026-06-22),nifty200,63,PAGEIND,0.0585,41100.0,2026-06-29,,,63,3.0,,,,Weak,0,live
REC-20260713-0330,2026-07-13_63,2026-07-13,AEGIS Core v2.2 (2026-06-22),nifty200,63,MARICO,0.139,845.9,2026-07-13,,,63,3.0,,,,Weak,0,live
REC-20260713-0331,2026-07-13_63,2026-07-13,AEGIS Core v2.2 (2026-06-22),nifty200,63,APOLLOHOSP,0.1014,8833.0,2026-07-13,,,63,3.0,,,,Weak,0,live
REC-20260713-0332,2026-07-13_63,2026-07-13,AEGIS Core v2.2 (2026-06-22),nifty200,63,LUPIN,0.0864,2499.9,2026-07-13,,,63,3.0,,,,Weak,0,live
REC-20260713-0333,2026-07-13_63,2026-07-13,AEGIS Core v2.2 (2026-06-22),nifty200,63,ITC,0.061,279.95,2026-07-13,,,63,3.0,,,,Weak,0,live
REC-20260713-0334,2026-07-13_63,2026-07-13,AEGIS Core v2.2 (2026-06-22),nifty200,63,BHARTIARTL,0.0824,1900.2,2026-07-13,,,63,3.0,,,,Weak,0,live
REC-20260713-0335,2026-07-13_63,2026-07-13,AEGIS Core v2.2 (2026-06-22),nifty200,63,TORNTPHARM,0.071,4931.8,2026-07-13,,,63,3.0,,,,Weak,0,live
REC-20260713-0336,2026-07-13_63,2026-07-13,AEGIS Core v2.2 (2026-06-22),nifty200,63,ICICIGI,0.0651,1771.1,2026-07-13,,,63,3.0,,,,Weak,0,live
REC-20260713-0337,2026-07-13_63,2026-07-13,AEGIS Core v2.2 (2026-06-22),nifty200,63,NTPC,0.0675,346.9,2026-07-13,,,63,3.0,,,,Weak,0,live
REC-20260713-0338,2026-07-13_63,2026-07-13,AEGIS Core v2.2 (2026-06-22),nifty200,63,ICICIBANK,0.0499,1398.8,2026-07-13,,,63,3.0,,,,Weak,0,live
REC-20260713-0339,2026-07-13_63,2026-07-13,AEGIS Core v2.2 (2026-06-22),nifty200,63,RELIANCE,0.0579,1298.5,2026-07-13,,,63,3.0,,,,Weak,0,live
REC-20260713-0340,2026-07-13_63,2026-07-13,AEGIS Core v2.2 (2026-06-22),nifty200,63,POWERGRID,0.06,284.65,2026-07-13,,,63,3.0,,,,Weak,0,live
REC-20260713-0341,2026-07-13_63,2026-07-13,AEGIS Core v2.2 (2026-06-22),nifty200,63,PIDILITIND,0.0375,1575.7,2026-07-13,,,63,3.0,,,,Weak,0,live
REC-20260713-0342,2026-07-13_63,2026-07-13,AEGIS Core v2.2 (2026-06-22),nifty200,63,SHREECEM,0.0372,26425.0,2026-07-13,,,63,3.0,,,,Weak,0,live
REC-20260713-0343,2026-07-13_63,2026-07-13,AEGIS Core v2.2 (2026-06-22),nifty200,63,BAJAJ-AUTO,0.041,10270.0,2026-07-13,,,63,3.0,,,,Weak,0,live
REC-20260713-0344,2026-07-13_63,2026-07-13,AEGIS Core v2.2 (2026-06-22),nifty200,63,IRCTC,0.0428,498.55,2026-07-13,,,63,3.0,,,,Weak,0,live
REC-20260714-0345,2026-07-14_63,2026-07-14,AEGIS Core v2.2 (2026-06-22),nifty200,63,MARICO,0.1163,845.3,2026-07-14,,,63,3.0,,,,Weak,0,live
REC-20260714-0346,2026-07-14_63,2026-07-14,AEGIS Core v2.2 (2026-06-22),nifty200,63,APOLLOHOSP,0.0769,8806.0,2026-07-14,,,63,3.0,,,,Weak,0,live
REC-20260714-0347,2026-07-14_63,2026-07-14,AEGIS Core v2.2 (2026-06-22),nifty200,63,LUPIN,0.0974,2488.8,2026-07-14,,,63,3.0,,,,Weak,0,live
REC-20260714-0348,2026-07-14_63,2026-07-14,AEGIS Core v2.2 (2026-06-22),nifty200,63,ITC,0.1067,280.3,2026-07-14,,,63,3.0,,,,Weak,0,live
REC-20260714-0349,2026-07-14_63,2026-07-14,AEGIS Core v2.2 (2026-06-22),nifty200,63,BHARTIARTL,0.09,1905.7,2026-07-14,,,63,3.0,,,,Weak,0,live
REC-20260714-0350,2026-07-14_63,2026-07-14,AEGIS Core v2.2 (2026-06-22),nifty200,63,TORNTPHARM,0.0621,4967.1,2026-07-14,,,63,3.0,,,,Weak,0,live
REC-20260714-0351,2026-07-14_63,2026-07-14,AEGIS Core v2.2 (2026-06-22),nifty200,63,NTPC,0.06,353.05,2026-07-14,,,63,3.0,,,,Weak,0,live
REC-20260714-0352,2026-07-14_63,2026-07-14,AEGIS Core v2.2 (2026-06-22),nifty200,63,ICICIGI,0.0643,1763.2,2026-07-14,,,63,3.0,,,,Weak,0,live
REC-20260714-0353,2026-07-14_63,2026-07-14,AEGIS Core v2.2 (2026-06-22),nifty200,63,ICICIBANK,0.0619,1397.6,2026-07-14,,,63,3.0,,,,Weak,0,live
REC-20260714-0354,2026-07-14_63,2026-07-14,AEGIS Core v2.2 (2026-06-22),nifty200,63,RELIANCE,0.069,1295.2,2026-07-14,,,63,3.0,,,,Weak,0,live
REC-20260714-0355,2026-07-14_63,2026-07-14,AEGIS Core v2.2 (2026-06-22),nifty200,63,POWERGRID,0.0517,284.6,2026-07-14,,,63,3.0,,,,Weak,0,live
REC-20260714-0356,2026-07-14_63,2026-07-14,AEGIS Core v2.2 (2026-06-22),nifty200,63,PIDILITIND,0.0371,1568.0,2026-07-14,,,63,3.0,,,,Weak,0,live
REC-20260714-0357,2026-07-14_63,2026-07-14,AEGIS Core v2.2 (2026-06-22),nifty200,63,SHREECEM,0.0356,26225.0,2026-07-14,,,63,3.0,,,,Weak,0,live
REC-20260714-0358,2026-07-14_63,2026-07-14,AEGIS Core v2.2 (2026-06-22),nifty200,63,BAJAJ-AUTO,0.0363,10315.0,2026-07-14,,,63,3.0,,,,Weak,0,live
REC-20260714-0359,2026-07-14_63,2026-07-14,AEGIS Core v2.2 (2026-06-22),nifty200,63,GRASIM,0.0348,3142.2,2026-07-14,,,63,3.0,,,,Weak,0,live
REC-20260717-0360,2026-07-17_63,2026-07-17,AEGIS Core v2.2 (2026-06-22),nifty200,63,APOLLOHOSP,0.1062,8848.5,2026-07-17,,,63,3.0,,,,Weak,0,live
REC-20260717-0361,2026-07-17_63,2026-07-17,AEGIS Core v2.2 (2026-06-22),nifty200,63,MARICO,0.1343,830.35,2026-07-17,,,63,3.0,,,,Weak,0,live
REC-20260717-0362,2026-07-17_63,2026-07-17,AEGIS Core v2.2 (2026-06-22),nifty200,63,LUPIN,0.0768,2447.0,2026-07-17,,,63,3.0,,,,Weak,0,live
REC-20260717-0363,2026-07-17_63,2026-07-17,AEGIS Core v2.2 (2026-06-22),nifty200,63,ITC,0.0828,279.6,2026-07-17,,,63,3.0,,,,Weak,0,live
REC-20260717-0364,2026-07-17_63,2026-07-17,AEGIS Core v2.2 (2026-06-22),nifty200,63,SUNPHARMA,0.0659,1940.5,2026-07-17,,,63,3.0,,,,Weak,0,live
REC-20260717-0365,2026-07-17_63,2026-07-17,AEGIS Core v2.2 (2026-06-22),nifty200,63,BHARTIARTL,0.0799,1910.9,2026-07-17,,,63,3.0,,,,Weak,0,live
REC-20260717-0366,2026-07-17_63,2026-07-17,AEGIS Core v2.2 (2026-06-22),nifty200,63,NTPC,0.0661,341.7,2026-07-17,,,63,3.0,,,,Weak,0,live
REC-20260717-0367,2026-07-17_63,2026-07-17,AEGIS Core v2.2 (2026-06-22),nifty200,63,ICICIBANK,0.05,1435.2,2026-07-17,,,63,3.0,,,,Weak,0,live
REC-20260717-0368,2026-07-17_63,2026-07-17,AEGIS Core v2.2 (2026-06-22),nifty200,63,RELIANCE,0.0658,1321.2,2026-07-17,,,63,3.0,,,,Weak,0,live
REC-20260717-0369,2026-07-17_63,2026-07-17,AEGIS Core v2.2 (2026-06-22),nifty200,63,SBILIFE,0.0462,1812.7,2026-07-17,,,63,3.0,,,,Weak,0,live
REC-20260717-0370,2026-07-17_63,2026-07-17,AEGIS Core v2.2 (2026-06-22),nifty200,63,POWERGRID,0.057,282.55,2026-07-17,,,63,3.0,,,,Weak,0,live
REC-20260717-0371,2026-07-17_63,2026-07-17,AEGIS Core v2.2 (2026-06-22),nifty200,63,PIDILITIND,0.0443,1564.6,2026-07-17,,,63,3.0,,,,Weak,0,live
REC-20260717-0372,2026-07-17_63,2026-07-17,AEGIS Core v2.2 (2026-06-22),nifty200,63,BAJAJ-AUTO,0.0408,10410.0,2026-07-17,,,63,3.0,,,,Weak,0,live
REC-20260717-0373,2026-07-17_63,2026-07-17,AEGIS Core v2.2 (2026-06-22),nifty200,63,IRCTC,0.0407,499.55,2026-07-17,,,63,3.0,,,,Weak,0,live
REC-20260717-0374,2026-07-17_63,2026-07-17,AEGIS Core v2.2 (2026-06-22),nifty200,63,SHREECEM,0.0432,26620.0,2026-07-17,,,63,3.0,,,,Weak,0,live
