Stock,Sector,Candidate Score,Risk Score (driver),Sector Score (context),Technical Score (context),Market Score,Fundamental,News,Selected,Reason
ITC,FMCG,96,96,25,58,60,DATA NOT AVAILABLE,DATA NOT AVAILABLE,YES,SELECTED
ICICIBANK,Financials,92,92,62,62,60,DATA NOT AVAILABLE,DATA NOT AVAILABLE,YES,SELECTED
TATASTEEL,Metal,88,88,100,70,60,DATA NOT AVAILABLE,DATA NOT AVAILABLE,YES,SELECTED
TATAPOWER,Power,85,85,38,65,60,DATA NOT AVAILABLE,DATA NOT AVAILABLE,YES,SELECTED
BEL,Industrials,81,81,50,61,60,DATA NOT AVAILABLE,DATA NOT AVAILABLE,YES,SELECTED
COALINDIA,Metal,77,77,100,67,60,DATA NOT AVAILABLE,DATA NOT AVAILABLE,YES,SELECTED
SBIN,Financials,73,73,62,60,60,DATA NOT AVAILABLE,DATA NOT AVAILABLE,YES,SELECTED
ONGC,Energy,69,69,88,68,60,DATA NOT AVAILABLE,DATA NOT AVAILABLE,YES,SELECTED
DABUR,FMCG,65,65,25,52,60,DATA NOT AVAILABLE,DATA NOT AVAILABLE,YES,SELECTED
HDFCBANK,Financials,62,62,62,56,60,DATA NOT AVAILABLE,DATA NOT AVAILABLE,no,sector cap filled
PNB,Financials,58,58,62,73,60,DATA NOT AVAILABLE,DATA NOT AVAILABLE,no,sector cap filled
NHPC,Power,54,54,38,63,60,DATA NOT AVAILABLE,DATA NOT AVAILABLE,no,lower risk score (higher volatility)
WIPRO,IT,50,50,75,64,60,DATA NOT AVAILABLE,DATA NOT AVAILABLE,no,lower risk score (higher volatility)
IOC,Energy,46,46,88,66,60,DATA NOT AVAILABLE,DATA NOT AVAILABLE,no,lower risk score (higher volatility)
AMBUJACEM,Cement,42,42,12,55,60,DATA NOT AVAILABLE,DATA NOT AVAILABLE,no,lower risk score (higher volatility)
LICI,Financials,38,38,62,59,60,DATA NOT AVAILABLE,DATA NOT AVAILABLE,no,sector cap filled
IDFCFIRSTB,Financials,35,35,62,97,60,DATA NOT AVAILABLE,DATA NOT AVAILABLE,no,sector cap filled
YESBANK,Financials,31,31,62,54,60,DATA NOT AVAILABLE,DATA NOT AVAILABLE,no,sector cap filled
TCS,IT,27,27,75,71,60,DATA NOT AVAILABLE,DATA NOT AVAILABLE,no,lower risk score (higher volatility)
HINDZINC,Metal,23,23,100,75,60,DATA NOT AVAILABLE,DATA NOT AVAILABLE,no,sector cap filled
ADANIPOWER,Power,19,19,38,78,60,DATA NOT AVAILABLE,DATA NOT AVAILABLE,no,lower risk score (higher volatility)
SHRIRAMFIN,Financials,15,15,62,62,60,DATA NOT AVAILABLE,DATA NOT AVAILABLE,no,sector cap filled
INFY,IT,12,12,75,69,60,DATA NOT AVAILABLE,DATA NOT AVAILABLE,no,lower risk score (higher volatility)
SAIL,Metal,8,8,100,99,60,DATA NOT AVAILABLE,DATA NOT AVAILABLE,no,sector cap filled
NLCINDIA,Power,4,4,38,51,60,DATA NOT AVAILABLE,DATA NOT AVAILABLE,no,lower risk score (higher volatility)
KPITTECH,IT,0,0,75,57,60,DATA NOT AVAILABLE,DATA NOT AVAILABLE,no,lower risk score (higher volatility)
