stop_pct,asof,symbol,reason,exit_ret_pct,hold_to_mature_pct,hold_minus_exit_pp,post_exit_max_recovery_pct,false_exit
0.05,2021-07-01,ABBOTINDIA,DD -8.7% at bar 23,7.103720655102989,31.63721969610966,24.53349904100667,22.90629951130252,True
0.05,2021-07-01,COLPAL,DD -5.3% at bar 19,-0.2224563868399458,-1.1942395504039394,-0.9717831635639935,1.824689040131422,False
0.05,2021-07-01,BRITANNIA,DD -5.3% at bar 19,-4.794482451749265,9.046665554257737,13.841148006007003,20.47087690599987,True
0.05,2021-07-01,BAJAJHLDNG,DD -5.6% at bar 61,32.91686821919702,30.94879414000414,-1.9680740791928812,0.0,False
0.05,2021-07-01,TCS,DD -5.2% at bar 20,-3.654047583420617,11.632500374083492,15.286547957504109,22.83500031061689,True
0.05,2021-07-01,INFY,DD -5.0% at bar 62,6.713022301973853,6.713022301973853,0.0,0.0,False
0.05,2021-07-01,HDFCLIFE,DD -5.1% at bar 14,-2.974845060153114,6.37258476121036,9.347429821363473,14.075298714962049,True
0.05,2021-07-01,ATUL,DD -5.5% at bar 28,-0.6221934273139644,8.809007841647846,9.43120126896181,10.72050806496938,True
0.05,2021-07-01,EXIDEIND,DD -6.0% at bar 19,-1.7866959868059373,-1.6767454645409627,0.10995052226497459,6.157290792051495,True
0.05,2021-07-01,SUPREMEIND,DD -5.4% at bar 18,-4.391511277676868,6.7574092382682185,11.148920515945086,12.283866002933896,True
0.05,2021-07-01,BHARTIARTL,DD -7.9% at bar 38,13.871615804075386,29.32172582033866,15.450110016263274,24.23758716290012,True
0.05,2021-07-01,AIAENG,DD -6.7% at bar 10,-3.183538315988645,-8.75591296121097,-5.572374645222325,4.622074559046285,False
0.05,2021-10-01,INFY,DD -5.6% at bar 14,2.5463171486052225,14.010749782301891,11.464432633696669,11.179760475535128,True
0.05,2021-10-01,BRITANNIA,DD -5.7% at bar 13,-5.893754303639283,-7.7414501032873355,-1.8476957996480525,1.4254742547425536,False
0.05,2021-10-01,COLPAL,DD -5.4% at bar 12,-5.5841924398625435,-13.27171465813485,-7.687522218272307,0.0,False
0.05,2021-10-01,TCS,DD -6.4% at bar 6,-2.073615355744998,2.3470591389201703,4.420674494665168,4.514283367781324,False
0.05,2021-10-01,HEROMOTOCO,DD -5.8% at bar 13,-3.6447269088291483,-13.039203637704311,-9.394476728875162,0.2459778073355956,False
0.05,2021-10-01,SJVN,DD -7.8% at bar 12,2.8169014084507067,8.978873239436622,6.161971830985915,5.993150684931514,True
0.05,2021-10-01,RATNAMANI,DD -5.1% at bar 19,-2.767840763162718,-12.059713813979087,-9.291873050816369,5.6979788212542015,True
0.05,2021-10-01,BAJAJ-AUTO,DD -5.4% at bar 15,-1.57945283704511,-14.937963972382288,-13.358511135337178,0.0712072262148089,False
0.05,2021-10-01,PIDILITIND,DD -7.8% at bar 13,-4.172492822451872,2.3456310036983945,6.5181238261502665,6.8036608530478215,True
0.05,2021-10-01,HDFCLIFE,DD -5.4% at bar 9,-3.5437658509836205,-10.823222976214963,-7.2794571252313425,2.4161455372370577,False
0.05,2021-10-01,TORNTPHARM,DD -5.8% at bar 12,-2.2073908639987536,5.5684680707403835,7.775858934739137,8.826380221472775,True
0.05,2021-10-01,ATUL,DD -5.6% at bar 11,-0.8664586070959227,-7.161629434953993,-6.295170827858071,1.9577689408061039,False
0.05,2021-10-01,RELIANCE,DD -7.2% at bar 19,0.5586689711761808,-4.748686254997457,-5.307355226173637,2.179725342453853,False
0.05,2021-10-01,SBILIFE,DD -5.2% at bar 5,-0.24399321781564415,0.028948347876443195,0.27294156569208733,0.37310339109526414,False
0.05,2021-10-01,NHPC,DD -9.0% at bar 12,6.8728522336769755,7.216494845360817,0.34364261168384136,9.0032154340836,True
0.05,2022-01-03,COLPAL,DD -5.2% at bar 17,-4.256045907910914,8.395955731657336,12.652001639568251,13.214413128790593,True
0.05,2022-01-03,PETRONET,DD -5.9% at bar 14,-4.4561243144424125,-8.775137111517376,-4.319012797074963,6.9361396795025065,True
0.05,2022-01-03,NESTLEIND,DD -5.0% at bar 12,-4.796219127960153,-8.409391198292509,-3.6131720703323555,1.2821470892805609,False
0.05,2022-01-03,HEROMOTOCO,DD -10.8% at bar 37,3.302915287087143,-5.828555277396427,-9.131470564483571,0.0,False
0.05,2022-01-03,HDFCBANK,DD -5.1% at bar 15,-2.079412500164519,5.830251503625805,7.909664003790324,11.339596521645623,True
0.05,2022-01-03,BAJAJ-AUTO,DD -5.2% at bar 13,4.354459735741975,16.252174178389428,11.897714442647452,11.401251535177481,True
0.05,2022-01-03,HDFCLIFE,DD -6.9% at bar 15,-3.0284396617986236,-12.428900845503462,-9.400461183704838,2.1163601775523233,False
0.05,2022-01-03,TCS,DD -6.2% at bar 15,-1.253356034313402,-0.07727064370374745,1.1760853906096547,2.289185389532866,False
0.05,2022-01-03,INFY,DD -6.0% at bar 13,-5.939055545313281,-1.9673944533698615,3.97166109194342,6.784454275634189,True
0.05,2022-01-03,ULTRACEMCO,DD -5.5% at bar 12,-3.345460194979216,-12.917697018345654,-9.572236823366438,0.6797937177684066,False
0.05,2022-01-03,PIDILITIND,DD -5.8% at bar 16,-0.5278985917314728,1.3621885559992812,1.8900871477307541,2.5194034702751056,False
0.05,2022-01-03,MGL,DD -8.4% at bar 15,-6.386986301369868,-5.4052511415525135,0.9817351598173545,3.7924516797756214,False
0.05,2022-01-03,LT,DD -5.5% at bar 14,-1.1935408378188532,-4.514132667654781,-3.3205918298359283,4.7686720353702805,False
0.05,2022-01-03,AIAENG,DD -5.2% at bar 23,0.9484036104001029,-8.295837262562308,-9.244240872962411,1.7001628099394317,False
0.05,2022-01-03,SHREECEM,DD -5.3% at bar 13,-8.111599638864627,-7.668621593252934,0.4429780456116932,1.8073107216461937,False
0.05,2022-04-05,NESTLEIND,DD -5.2% at bar 19,-5.701540237027831,2.028496604376591,7.730036841404422,8.197415801736941,True
0.05,2022-04-05,COLPAL,DD -5.6% at bar 8,-3.80979391189261,-1.106069200226883,2.7037247116657266,8.406224406224405,True
0.05,2022-04-05,MRF,DD -5.7% at bar 21,1.555581793494303,8.079284491410352,6.523702697916049,12.846243278593228,True
0.05,2022-04-05,TCS,DD -7.5% at bar 7,-8.988675684177416,-14.523697179406525,-5.53502149522911,4.514818975200896,False
0.05,2022-04-05,AIAENG,DD -5.0% at bar 21,9.134445880832063,38.09789634504643,28.963450464214368,27.562256023690956,True
0.05,2022-04-05,IRFC,DD -6.0% at bar 24,-3.8374717832957015,-9.932279909706544,-6.094808126410843,1.1737089201877993,False
0.05,2022-04-05,ICICIGI,DD -5.9% at bar 11,-3.4101416577282917,-8.847135407034799,-5.436993749306507,2.4315527474631393,False
0.05,2022-04-05,DRREDDY,DD -5.4% at bar 11,-4.952770271830756,1.3880228180789373,6.340793089909694,6.773256873488931,True
0.05,2022-04-05,SUNPHARMA,DD -7.0% at bar 19,-4.92950166828114,-9.83747712840383,-4.90797546012269,4.386957998415042,False
0.05,2022-04-05,INFY,DD -5.1% at bar 4,-6.375261941862332,-19.8511632905271,-13.475901348664769,0.350081781399747,False
0.05,2022-04-05,BAJAJ-AUTO,DD -7.2% at bar 17,-8.210620258813023,-0.9620180066671822,7.248602252145841,11.212788469787526,True
0.05,2022-04-05,PETRONET,DD -5.2% at bar 35,9.994989979959929,10.69639278557114,0.7014028056112114,4.349806422227265,False
0.05,2022-04-05,BHARTIARTL,DD -5.9% at bar 7,-5.622228019827813,-9.476911035742235,-3.8546830159144223,4.533517622667582,False
0.05,2022-04-05,LT,DD -5.7% at bar 5,-4.0984722638272375,-15.244682879006556,-11.146210615179317,0.0,False
0.05,2022-04-05,COROMANDEL,DD -7.8% at bar 33,11.613372974940846,18.83987622110309,7.226503246162244,6.773579777113348,True
0.05,2022-07-06,IRFC,DD -6.5% at bar 50,8.52130325814536,7.017543859649135,-1.5037593984962259,0.0,False
0.05,2022-07-06,COLPAL,DD -6.9% at bar 49,0.6850842812987923,0.7679316827581782,0.08284740145938596,3.133109690486746,False
0.05,2022-07-06,NESTLEIND,DD -7.6% at bar 49,2.0479857304446103,5.069390063516912,3.0214043330723017,2.960768222366683,False
0.05,2022-07-06,ALKEM,DD -5.3% at bar 14,1.8745634411396765,3.9716703757248903,2.097106934585214,5.867814717372233,True
0.05,2022-07-06,SJVN,DD -5.2% at bar 59,16.97416974169741,20.664206642066425,3.690036900369016,4.416403785488976,False
0.05,2022-07-06,RELAXO,DD -6.8% at bar 55,4.097984179637661,3.1589691247767333,-0.9390150548609273,0.14217080105893842,False
0.05,2022-07-06,MRF,DD -6.1% at bar 24,12.659394621344747,13.026592853767994,0.367198232423247,12.566923674587006,True
0.05,2022-07-06,PFC,DD -5.2% at bar 40,9.28705440900563,-1.5478424015009467,-10.834896810506578,1.7596566523605084,False
0.05,2022-07-06,SUNPHARMA,DD -6.6% at bar 31,6.052286021248648,14.020532410170697,7.968246388922049,7.513507429086008,True
0.05,2022-07-06,TCS,DD -5.3% at bar 3,-5.399064632369859,-6.006286897186228,-0.607222264816369,10.950821797905807,True
0.05,2022-07-06,BHARTIARTL,DD -7.4% at bar 5,-7.536566035016942,14.287772894300739,21.82433892931768,26.034442453050733,True
0.05,2022-07-06,SUPREMEIND,DD -6.4% at bar 14,3.6400575637010073,13.708061739891072,10.068004176190065,16.38759563287866,True
0.05,2022-07-06,CUMMINSIND,DD -5.0% at bar 34,9.299270734248323,12.220863341939584,2.9215926076912613,3.9701616245337856,False
0.05,2022-07-06,POWERGRID,DD -7.4% at bar 53,-3.756969082615311,-0.5005068423720173,3.2564622402432937,4.765979856493985,False
0.05,2022-07-06,EXIDEIND,DD -6.1% at bar 31,10.225669957686883,10.860366713681223,0.6346967559943408,12.252079334612898,True
0.05,2022-10-07,IRFC,DD -7.1% at bar 36,60.187353629976585,53.161592505854806,-7.025761124121779,4.239766081871332,False
0.05,2022-10-07,NESTLEIND,DD -5.3% at bar 29,1.514414367786346,2.921173852285081,1.4067594844987352,4.4550719908634795,False
0.05,2022-10-07,PFC,DD -5.9% at bar 51,30.77656026679372,49.737970462124835,18.961410195331116,14.499089253187613,True
0.05,2022-10-07,ITC,DD -5.4% at bar 28,0.92576777234994,0.28353773101492297,-0.642230041335017,2.4911995667479037,False
0.05,2022-10-07,RELAXO,DD -7.8% at bar 18,-7.291975858316023,-11.308993766696355,-4.017017908380333,2.033084311632871,False
0.05,2022-10-07,ALKEM,DD -5.5% at bar 25,-3.0059681904821507,-5.279192575696038,-2.273224385213887,1.0985470828903665,False
0.05,2022-10-07,IOC,DD -7.5% at bar 53,10.303928836174947,18.680504077094135,8.376575240919188,7.594086021505375,True
0.05,2022-10-07,SJVN,DD -5.6% at bar 9,-3.363914373088689,5.3516819571865435,8.715596330275233,30.063291139240512,True
0.05,2022-10-07,RVNL,DD -7.1% at bar 9,0.27777777777778173,101.25000000000001,100.97222222222223,121.88365650969529,True
0.05,2022-10-07,DRREDDY,DD -5.2% at bar 29,-0.3233066386391465,-2.3968103458124386,-2.073503707173292,3.3902578796561667,False
0.05,2022-10-07,BHARTIARTL,DD -5.6% at bar 56,3.4863195057369785,0.36565376371201325,-3.1206657420249653,0.0,False
0.05,2022-10-07,PIDILITIND,DD -5.5% at bar 13,-3.83234432509577,-5.2692856606324545,-1.4369413355366847,8.273190239635086,True
0.05,2022-10-07,BAJAJ-AUTO,DD -5.9% at bar 48,0.7270608150296185,1.0739409748719961,0.34688015984237763,0.3443763344582962,False
0.05,2022-10-07,ATUL,DD -5.2% at bar 10,-5.847490000449406,-12.03709945620421,-6.189609455754804,6.054928728691689,True
0.05,2022-10-07,HCLTECH,DD -9.6% at bar 43,7.382270021927539,7.841704082698121,0.45943406077058224,2.7032283158304082,False
0.05,2023-01-06,PETRONET,DD -5.6% at bar 16,-0.6883891693437356,6.218448829738404,6.906837999082139,9.912199630314223,True
0.05,2023-01-06,TORNTPHARM,DD -5.9% at bar 16,-0.691884901390239,2.6608470740381565,3.3527319754283953,3.376090636801665,False
0.05,2023-01-06,BAJAJ-AUTO,DD -7.5% at bar 35,0.5202827922300726,17.674514379847622,17.15423158761755,17.0654430241451,True
0.05,2023-01-06,ALKEM,DD -5.9% at bar 37,3.2543256304946673,10.2017253039075,6.947399673412832,8.907348242811498,True
0.05,2023-01-06,UBL,DD -6.3% at bar 10,-4.621278392808658,-16.51835540406021,-11.89707701125155,0.8887061576899891,False
0.05,2023-01-06,PIDILITIND,DD -5.9% at bar 10,-4.468144154145037,-6.918288863339016,-2.450144709193979,0.0,False
0.05,2023-01-06,IOC,DD -6.0% at bar 18,-1.9987507807620166,-2.5608994378513397,-0.562148657089323,2.7405991077119163,False
0.05,2023-01-06,ICICIBANK,DD -6.4% at bar 14,-5.355706240661995,2.3043328353062815,7.660039075968276,8.093503339404972,True
0.05,2023-01-06,BHARTIARTL,DD -6.6% at bar 3,-4.91206030150754,-3.128140703517585,1.783919597989955,4.756242568370994,False
0.05,2023-01-06,HDFCBANK,DD -5.4% at bar 16,2.0797792272955253,5.67611640742599,3.596337180130465,3.523065201897335,False
0.05,2023-01-06,LT,DD -7.0% at bar 15,1.8139991852579571,9.67865615489683,7.864656969638872,8.722462813029551,True
0.05,2023-01-06,TCS,DD -6.4% at bar 35,3.1542401644065863,0.9372421416449972,-2.2169980227615893,2.3408847367070607,False
0.05,2023-01-06,RELAXO,DD -6.4% at bar 10,-8.874386434627393,-9.1979027219991,-0.32351628737170657,4.79280161596376,False
0.05,2023-04-12,COLPAL,DD -5.3% at bar 27,2.399383291041654,16.256062698744095,13.85667940770244,13.53199498117943,True
0.05,2023-04-12,OFSS,DD -7.3% at bar 17,5.436981132075469,16.00905660377359,10.57207547169812,12.379029949035104,True
0.05,2023-04-12,SUNPHARMA,DD -5.2% at bar 13,-4.199862299596739,5.734238221697645,9.934100521294383,10.574948665297734,True
0.05,2023-04-12,WIPRO,DD -6.6% at bar 45,2.160361134995691,6.072656921754074,3.912295786758383,4.155707522356655,False
0.05,2023-04-12,ICICIGI,DD -6.3% at bar 6,-1.9663565109776615,24.306733281386084,26.273089792363745,27.047877314381896,True
0.05,2023-04-12,KOTAKBANK,DD -6.3% at bar 39,1.5156855833627003,1.4072286543206523,-0.10845692904204807,0.3979700854700896,False
0.05,2023-04-12,GRASIM,DD -5.1% at bar 30,-0.24143857638928795,2.4658303031720274,2.7072688795613153,4.692783263500244,False
0.05,2023-07-13,COLPAL,DD -5.4% at bar 27,7.3188926341382565,12.817041498590928,5.498148864452672,6.474783101202286,True
0.05,2023-07-13,ICICIBANK,DD -5.0% at bar 24,-0.7893361212754788,-0.5436487192890795,0.24568740198639927,4.584013910111184,False
0.05,2023-07-13,SUNPHARMA,DD -5.0% at bar 30,3.7209302325581395,6.539534883720926,2.818604651162787,3.914798206278025,False
0.05,2023-07-13,PIDILITIND,DD -6.2% at bar 20,-2.8255059182894233,-6.068728522336772,-3.243222604047349,1.526915520628691,False
0.05,2023-07-13,BATAINDIA,DD -6.8% at bar 20,-0.8468957203134391,-2.05846895720314,-1.2115732368897008,5.559439496641239,True
0.05,2023-07-13,MARUTI,DD -5.2% at bar 22,-2.7773756591872645,10.92493020370178,13.702305862889045,14.093742023313194,True
0.05,2023-07-13,WIPRO,DD -5.1% at bar 49,4.899179248150784,4.129091093322528,-0.7700881548282554,1.7049021975368284,False
0.05,2023-07-13,NESTLEIND,DD -5.6% at bar 21,-4.036668302601131,3.214611231858661,7.251279534459792,7.556302398217318,True
0.05,2023-07-13,NTPC,DD -5.4% at bar 21,13.143919277748273,28.54487519915029,15.400955921402018,15.25463506219198,True
0.05,2023-07-13,ASIANPAINT,DD -5.1% at bar 9,-0.5,-7.388235294117642,-6.888235294117642,0.32515518770321883,False
0.05,2023-10-13,ICICIBANK,DD -5.3% at bar 54,3.44265741616735,6.154735624934308,2.7120782087669584,2.621817997053011,False
0.05,2023-10-13,NESTLEIND,DD -5.3% at bar 59,9.453010902421623,8.1564378629895,-1.296573039432122,0.0,False
0.05,2023-10-13,BHARTIARTL,DD -5.1% at bar 8,-4.150073359882627,15.531335149863763,19.68140850974639,20.533566586485907,True
0.05,2023-10-13,ASIANPAINT,DD -6.0% at bar 8,-6.149961890243905,3.972942073170729,10.122903963414632,15.203965957734788,True
0.05,2023-10-13,TCS,DD -5.1% at bar 7,-6.555862049652042,9.324110505901965,15.879972555554007,16.994081066906432,True
0.05,2023-10-13,LICI,DD -5.9% at bar 7,-4.6733684177354755,34.686288721520185,39.35965713925566,41.94380165289255,True
0.05,2023-10-13,SUNPHARMA,DD -5.6% at bar 11,-2.5408189993887986,16.070025320876624,18.61084432026542,19.096040136176295,True
0.05,2023-10-13,TITAN,DD -6.3% at bar 8,-4.965359725923112,14.468214693566804,19.433574419489915,20.448937738327942,True
0.05,2023-10-13,PIDILITIND,DD -5.4% at bar 7,-6.693332682942687,11.9590579091567,18.652390592099387,20.774592663588052,True
0.05,2023-10-13,RELIANCE,DD -5.5% at bar 8,-3.5542502021878857,18.684714595837058,22.238964798024945,23.058522376202674,True
0.05,2023-10-13,ULTRACEMCO,DD -5.4% at bar 58,18.28294897837257,18.94551320348906,0.6625642251164905,0.560151933004005,False
0.05,2023-10-13,MARUTI,DD -5.2% at bar 12,-3.951974122702751,-5.972006655760166,-2.0200325330574147,4.059746108156359,False
0.05,2023-10-13,ABBOTINDIA,DD -5.5% at bar 22,4.4209643906604805,17.49692365969065,13.075959269030172,12.522350607786281,True
0.05,2024-01-15,HINDUNILVR,DD -7.7% at bar 6,-5.112311518731531,-13.928182807399335,-8.815871288667804,1.6341408473778074,False
0.05,2024-01-15,SUNPHARMA,DD -5.5% at bar 60,15.849851431150567,14.070786474592861,-1.779064956557706,0.0,False
0.05,2024-01-15,HDFCBANK,DD -8.4% at bar 2,-11.15734098517455,-10.646819703491149,0.5105212816834008,4.2660278839425025,False
0.05,2024-01-15,VINATIORGA,DD -5.8% at bar 18,-6.312060855931701,-4.869055223273905,1.4430056326577967,6.1361100780959354,True
0.05,2024-01-15,RELIANCE,DD -5.0% at bar 42,1.7286766657341788,5.035398420520311,3.306721754786132,5.261487910987639,True
0.05,2024-01-15,TITAN,DD -6.2% at bar 12,-3.896138446599354,-6.218657302100377,-2.322518855501023,5.4908094341711955,True
0.05,2024-01-15,BRITANNIA,DD -6.2% at bar 17,-3.9759722638029174,-9.31654224651608,-5.340569982713163,0.7874886855073759,False
0.05,2024-01-15,BHARTIARTL,DD -6.4% at bar 14,2.871008708272847,14.81767053701015,11.946661828737303,11.613244565936242,True
0.05,2024-01-15,ASIANPAINT,DD -7.3% at bar 6,-8.38296832523902,-14.239897370109052,-5.856929044870032,0.5984430478921166,False
0.05,2024-01-15,MRF,DD -5.9% at bar 8,5.477941176470588,-4.976838235294117,-10.454779411764704,5.071453468107356,True
0.05,2024-01-15,GRASIM,DD -5.0% at bar 15,0.4997620180866254,5.951927653498343,5.452165635411718,9.228036940563577,True
0.05,2024-01-15,TCS,DD -5.7% at bar 45,1.7188380552282367,-1.070751575388088,-2.789589630616325,0.8159359339192651,False
0.05,2024-01-15,HINDZINC,DD -6.2% at bar 41,-5.454545454545458,25.858585858585855,31.31313131313131,41.99539776462853,True
0.05,2024-04-18,HINDUNILVR,DD -5.6% at bar 42,12.073324905183295,23.12624164710131,11.052916741918015,10.321489001692052,True
0.05,2024-04-18,ASIANPAINT,DD -8.9% at bar 14,-1.2982156213270584,4.927520746518516,6.225736367845574,9.05006765899865,True
0.05,2024-04-18,BATAINDIA,DD -5.2% at bar 14,-2.5641025641025674,13.415950280972051,15.980052845074619,17.687724390802863,True
0.05,2024-04-18,KOTAKBANK,DD -10.9% at bar 5,-9.97621379599833,1.9504687281376718,11.926682524136002,15.212931302455711,True
0.05,2024-04-18,ICICIBANK,DD -5.0% at bar 28,5.518972949926571,18.304988393576203,12.786015443649632,12.265421567747147,True
0.05,2024-04-18,SUNPHARMA,DD -5.1% at bar 26,-3.3962015299393298,3.4456607755209707,6.8418623054603005,9.12348965799712,True
0.05,2024-04-18,RELIANCE,DD -5.3% at bar 12,-3.1263444715330544,6.202153886077603,9.328498357610657,12.85467554897608,True
0.05,2024-04-18,VINATIORGA,DD -5.3% at bar 15,-4.104990080878987,17.616358919578815,21.721349000457803,25.499681731381287,True
0.05,2024-04-18,MARUTI,DD -6.3% at bar 32,0.7867795243853314,0.961708988311159,0.17492946392582764,2.887799337737751,False
0.05,2024-04-18,DRREDDY,DD -7.4% at bar 14,-0.6068338047556313,11.39554988543179,12.00238369018742,14.756797838203006,True
0.05,2024-04-18,BHARTIARTL,DD -6.6% at bar 32,6.209757061031002,15.48489038119692,9.275133320165917,10.361884925800592,True
0.05,2024-04-18,ULTRACEMCO,DD -5.4% at bar 14,1.1611734299645704,19.989342143827763,18.828168713863192,25.421684208308303,True
0.05,2024-04-18,TCS,DD -6.1% at bar 29,-4.9469186949767,11.403417918177102,16.3503366131538,17.559487326168988,True
0.05,2024-04-18,GRASIM,DD -5.1% at bar 14,6.787808000718758,23.22274881516587,16.43494081444711,19.62854678922239,True
0.05,2024-07-19,ITC,DD -5.9% at bar 56,3.687679340028692,2.560078909612629,-1.127600430416063,1.3209953948932984,False
0.05,2024-07-19,ASIANPAINT,DD -6.9% at bar 52,4.292187844741258,1.5648071146110862,-2.7273807301301716,0.5061025223759286,False
0.05,2024-07-19,BATAINDIA,DD -6.5% at bar 12,-3.796429977687355,-3.8620553878461683,-0.0656254101588134,0.12960878611139037,False
0.05,2024-07-19,HINDUNILVR,DD -5.9% at bar 53,3.901723505683905,-0.3630363036303664,-4.264759809314271,0.0,False
0.05,2024-07-19,INFY,DD -6.8% at bar 11,-2.3341420563875253,4.832817423798759,7.166959480186284,12.39221061047342,True
0.05,2024-07-19,SBICARD,DD -5.5% at bar 11,-2.7762315613693356,2.9988867241859105,5.775118285555246,15.250840907464402,True
0.05,2024-07-19,DRREDDY,DD -5.2% at bar 33,0.4694092827004233,1.5837854128993356,1.1143761301989124,1.242659907156729,False
0.05,2024-07-19,PIIND,DD -5.7% at bar 62,18.913774672124728,18.913774672124728,0.0,0.0,False
0.05,2024-07-19,TCS,DD -5.5% at bar 11,-3.0494607660840423,-4.168603570100397,-1.119142804016355,9.171221710778688,True
0.05,2024-07-19,HDFCBANK,DD -5.7% at bar 52,3.1332047533130174,4.638835313880417,1.5056305605673996,2.5421377121967126,False
0.05,2024-07-19,PIDILITIND,DD -6.2% at bar 54,1.6109686227972795,1.5707741581492611,-0.040194464648018347,0.0,False
0.05,2024-07-19,APOLLOHOSP,DD -6.4% at bar 53,6.129787917486032,9.416400943285357,3.2866130257993245,5.418453747517771,True
0.05,2024-07-19,MRF,DD -5.4% at bar 13,9.575132752721874,1.0311141082181934,-8.54401864450368,0.41480416734482883,False
0.05,2024-07-19,EICHERMOT,DD -5.7% at bar 10,-3.606695940792047,-1.753355185849469,1.8533407549425782,8.27353900443779,True
0.05,2024-10-18,RELAXO,DD -5.3% at bar 5,-4.9293523432005575,-26.04692794578351,-21.117575602582953,5.11768661735037,True
0.05,2024-10-18,SUNPHARMA,DD -5.3% at bar 11,-5.587981259978538,-6.9149632266338585,-1.3269819666553202,4.787646928365508,False
0.05,2024-10-18,DRREDDY,DD -5.5% at bar 7,-7.296286956134764,-3.4022637255047483,3.8940232306300153,11.169340320838517,True
0.05,2024-10-18,NESTLEIND,DD -5.1% at bar 18,-7.125169130223891,-5.7976564295014255,1.3275127007224654,4.176287337364837,False
0.05,2024-10-18,APOLLOHOSP,DD -5.5% at bar 17,-1.776482550229837,-2.8934969711724254,-1.1170144209425885,8.425610707334318,True
0.05,2024-10-18,ITC,DD -5.2% at bar 19,-4.139890710382513,-4.3278688524590185,-0.18797814207650543,4.822601240423197,False
0.05,2024-10-18,TCS,DD -6.8% at bar 43,0.8549496125441117,-1.0974885097197462,-1.952438122263858,3.1936127744510934,False
0.05,2024-10-18,SBICARD,DD -6.6% at bar 5,-9.80882253597244,2.8845504289671045,12.693372964939545,14.073852145906685,True
0.05,2024-10-18,PIDILITIND,DD -6.1% at bar 18,-5.097361809045232,-12.444723618090446,-7.347361809045214,6.336168382036611,True
0.05,2024-10-18,ASIANPAINT,DD -5.3% at bar 12,-3.1699613989940314,-23.78223016894206,-20.61226876994803,0.0,False
0.05,2024-10-18,INFY,DD -6.5% at bar 9,-6.317833581613109,-3.5273462438816745,2.7904873377314345,13.564471704006586,True
0.05,2024-10-18,SHREECEM,DD -5.1% at bar 18,-0.9601134623487909,3.3740660424867164,4.334179504835507,17.684513753699417,True
0.05,2024-10-18,MRF,DD -5.2% at bar 5,-4.9084299737378085,-12.096328430723084,-7.187898456985275,8.241304498827894,True
0.05,2024-10-18,EICHERMOT,DD -7.4% at bar 18,2.477101759466184,5.268955966132645,2.791854206666461,8.744394618834095,True
0.05,2024-10-18,KOTAKBANK,DD -5.8% at bar 2,-5.518291868202341,2.6429010448678665,8.161192913070208,8.63785496096845,True
0.05,2025-01-20,SUNPHARMA,DD -7.0% at bar 6,-2.4124841838886595,1.4424293547026623,3.8549135385913216,3.950211772841228,False
0.05,2025-01-20,ITC,DD -6.9% at bar 15,-2.3989033584647017,-1.7477724468814204,0.6511309115832813,1.4981273408239737,False
0.05,2025-01-20,NESTLEIND,DD -5.7% at bar 17,-0.914182475158075,9.900632339656722,10.814814814814797,10.923710889067163,True
0.05,2025-01-20,ICICIBANK,DD -5.4% at bar 29,-2.169593251956689,13.767792692323289,15.937385944279978,18.089869010114402,True
0.05,2025-01-20,MRF,DD -5.4% at bar 17,-3.860252437457496,14.178646694777763,18.038899132235258,18.763206259201247,True
0.05,2025-01-20,DRREDDY,DD -6.0% at bar 4,-8.039313548585236,-7.82047836603063,0.21883518255460555,3.5694902517430016,False
0.05,2025-01-20,RELIANCE,DD -5.8% at bar 5,-5.44256769696273,-0.29491746141178415,5.1476502355509455,5.484445884640299,True
0.05,2025-01-20,PIDILITIND,DD -5.2% at bar 20,-0.2173788274457055,10.353832467644267,10.571211295089972,10.5942409318043,True
0.05,2025-01-20,BHARTIARTL,DD -6.7% at bar 26,0.015233220607500837,12.457727812814174,12.442494592206673,15.09077616668697,True
0.05,2025-01-20,TITAN,DD -5.2% at bar 14,1.2580382881218177,0.010348141030376496,-1.2476901470914412,0.0,False
0.05,2025-01-20,TCS,DD -5.9% at bar 19,-3.5055667271568067,-16.582470940212865,-13.076904213056057,0.0,False
0.05,2025-01-20,APOLLOHOSP,DD -9.0% at bar 17,-5.99187417506655,5.584108187026694,11.575982362093244,12.31381038661552,True
0.05,2025-01-20,ULTRACEMCO,DD -5.1% at bar 26,3.1973419800554277,14.443571196626642,11.246229216571216,10.897789614333986,True
0.05,2025-01-20,RATNAMANI,DD -6.3% at bar 6,-3.166028332023217,-9.6854041578164,-6.519375825793183,0.43697537047913126,False
0.05,2025-04-24,ITC,DD -5.1% at bar 23,-2.627601441692829,-3.5112196256249324,-0.8836181839321036,1.9701492537313348,False
0.05,2025-04-24,NESTLEIND,DD -5.8% at bar 39,-2.991944764096652,0.7931941476245349,3.785138911721187,4.753431621759008,False
0.05,2025-04-24,PIDILITIND,DD -5.1% at bar 41,-2.408659472110256,-5.119620335457028,-2.710960863346772,3.7371348632714962,False
0.05,2025-04-24,MRF,DD -5.3% at bar 25,8.335899014778326,15.390240147783251,7.054341133004925,8.326820603907636,True
0.05,2025-04-24,AIAENG,DD -7.5% at bar 40,4.042506227729947,5.776810771607852,1.7343045438779043,4.837096529777241,False
0.05,2025-04-24,MARUTI,DD -5.1% at bar 23,4.186985034471162,6.162771145115184,1.9757861106440222,3.3408650742414503,False
0.05,2025-04-24,RELIANCE,DD -7.3% at bar 61,8.543331284572837,9.449907805777505,0.9065765212046681,0.8352208380520976,False
0.05,2025-04-24,TORNTPHARM,DD -5.8% at bar 10,-2.6284923761691408,6.874981203572823,9.503473579741964,9.76001482533897,True
0.05,2025-04-24,SUNPHARMA,DD -5.3% at bar 10,-6.52475192638173,-6.729863074449808,-0.2051111480680783,3.1965365911516885,False
0.05,2025-04-24,ASIANPAINT,DD -5.3% at bar 8,-6.565492614835261,-3.611426716442136,2.9540658983931247,8.525145487709551,True
0.05,2025-04-24,TCS,DD -5.9% at bar 27,-0.6085371589840022,-6.541039510818439,-5.932502351834437,3.9752728563400286,False
0.05,2025-04-24,COALINDIA,DD -5.4% at bar 7,-4.139052144554211,-2.2758534450418964,1.8631986995123144,6.470127837203243,True
0.05,2025-04-24,SHREECEM,DD -5.4% at bar 23,-2.572870867936818,4.592085979482169,7.164956847418987,8.123015209760997,True
0.05,2025-07-23,PIDILITIND,DD -5.7% at bar 45,0.5036143752783521,3.264928568981456,2.761314193703104,5.174529588219268,True
0.05,2025-07-23,HDFCBANK,DD -5.4% at bar 24,-5.982314874277524,-1.719112779726323,4.2632020945512,6.010928961748618,True
0.05,2025-07-23,ICICIBANK,DD -6.0% at bar 24,-6.099690984817948,-7.4499529759505485,-1.3502619911326006,2.7757905279725215,False
0.05,2025-07-23,NESTLEIND,DD -5.3% at bar 1,-7.253822629969422,4.54638124362895,11.800203873598372,13.38257276004573,True
0.05,2025-07-23,ACC,DD -5.2% at bar 2,-6.379487179487184,-5.123076923076928,1.2564102564102564,3.286590709903603,False
0.05,2025-07-23,ASIANPAINT,DD -5.4% at bar 42,3.443630546434273,5.312789424938949,1.8691588785046762,2.392967605404528,False
0.05,2025-07-23,TCS,DD -5.5% at bar 7,-3.2933849202604453,-3.6456858859425654,-0.3523009656821201,3.327478532396566,False
0.05,2025-07-23,DRREDDY,DD -6.1% at bar 7,-1.7957351290684695,2.902036235369554,4.697771364438023,7.975510204081626,True
0.05,2025-07-23,SHREECEM,DD -5.3% at bar 4,-4.748559862992371,-10.602522185894442,-5.8539623229020705,2.4517816279830074,False
0.05,2025-07-23,APOLLOHOSP,DD -5.5% at bar 12,-1.5528582084491762,6.292805316335526,7.845663524784703,10.373329659732743,True
0.05,2025-07-23,CIPLA,DD -5.5% at bar 10,1.187648456057007,7.526297930098411,6.338649474041404,11.576123407109318,True
0.05,2025-07-23,MRF,DD -5.4% at bar 12,-5.166260881165994,6.853883867524931,12.020144748690925,14.15558838010833,True
0.05,2025-10-24,HDFCBANK,DD -6.0% at bar 51,-4.830359386780594,-6.8710731339532565,-2.0407137471726626,0.0,False
0.05,2025-10-24,COALINDIA,DD -5.9% at bar 8,-4.580636975003175,7.321405912955199,11.902042887958373,14.973404255319146,True
0.05,2025-10-24,ITC,DD -5.0% at bar 27,-3.2989443378119,-23.548464491362772,-20.249520153550872,1.0668651532067974,False
0.05,2025-10-24,NTPC,DD -6.0% at bar 8,-3.9752650176678443,1.5017667844522866,5.4770318021201305,7.973014412756818,True
0.05,2025-10-24,ACC,DD -5.1% at bar 28,-2.8052537700664755,-8.76709367061239,-5.961839900545915,0.0,False
0.05,2025-10-24,PIDILITIND,DD -5.3% at bar 59,-5.659876584168268,-3.9745206024815785,1.6853559816866897,2.1803347868898593,False
0.05,2025-10-24,ONGC,DD -5.3% at bar 23,-4.592877314088488,-2.7494508942579303,1.8434264198305579,2.0472764645426578,False
0.05,2025-10-24,MARICO,DD -5.7% at bar 24,-0.9506096300888581,2.7485017565612635,3.6991113866501215,8.35941303289518,True
0.05,2025-10-24,ULTRACEMCO,DD -5.3% at bar 31,-5.042792414834704,5.630139285114952,10.672931699949656,11.239727843067948,True
0.05,2025-10-24,LT,DD -6.6% at bar 55,-1.0013060513713516,-2.9987963840303187,-1.997490332658967,0.10347146774276617,False
0.05,2025-10-24,EICHERMOT,DD -5.4% at bar 59,4.385964912280702,4.744152046783626,0.3581871345029235,0.34313725490195957,False
0.05,2025-10-24,BHARTIARTL,DD -5.3% at bar 9,-0.46814172374710494,-2.7546444586803265,-2.2865027349332214,7.074957916625402,True
0.05,2025-10-24,SUNPHARMA,DD -5.2% at bar 42,1.2065921130076516,-3.537374926427305,-4.743967039434956,3.6696714161093213,False
0.05,2025-10-24,RELIANCE,DD -5.3% at bar 50,3.6235877652245896,-4.898043538164778,-8.521631303389368,0.0,False
0.05,2026-01-27,HDFCBANK,DD -5.2% at bar 14,-0.06476683937824079,-16.69905008635578,-16.63428324697754,0.0,False
0.05,2026-01-27,SBIN,DD -5.5% at bar 4,-2.321606608745197,1.4527845036319569,3.774391112377154,19.354525128803335,True
0.05,2026-01-27,LT,DD -8.0% at bar 25,2.502772057658792,5.971804213527636,3.469032155868844,6.109308195539076,True
0.05,2026-01-27,UBL,DD -6.0% at bar 31,15.587243607754994,2.458555774093847,-13.128687833661147,0.0,False
0.05,2026-01-27,ONGC,DD -7.7% at bar 4,2.4198427102238353,20.81064730792499,18.390804597701155,18.684780468596184,True
0.05,2026-01-27,PIDILITIND,DD -5.1% at bar 26,-0.08982863460475086,-4.94057490326147,-4.850746268656719,0.0,False
0.05,2026-01-27,SHREECEM,DD -5.1% at bar 24,-4.02277736958119,-11.113152094048493,-7.090374724467303,0.0,False
0.05,2026-01-27,ULTRACEMCO,DD -7.2% at bar 26,-2.390976249106363,-7.967273016125189,-5.576296767018826,0.0,False
0.05,2026-01-27,MARICO,DD -6.0% at bar 31,1.5218557253955516,3.915258782515426,2.3934030571198743,3.9424156375883257,False
0.05,2026-01-27,NTPC,DD -5.1% at bar 43,5.787641427328109,15.79634464751958,10.008703220191471,12.491430138488969,True
0.05,2026-01-27,BHARTIARTL,DD -6.1% at bar 22,-2.219519610823968,-4.388365257930483,-2.1688456471065147,0.0,False
0.05,2026-01-27,RELIANCE,DD -5.1% at bar 24,-1.6298442593263311,3.6436073886273057,5.273451647953637,5.360824742268044,True
0.05,2026-01-27,TITAN,DD -6.2% at bar 33,2.346760070052544,9.712284213159867,7.365524143107323,10.636061406081932,True
0.05,2026-01-27,POWERGRID,DD -5.6% at bar 45,16.040888539414187,25.16217810104188,9.121289561627695,8.724377435202445,True
0.05,2026-01-27,IRCTC,DD -6.1% at bar 22,-2.0658436213991695,-11.185185185185192,-9.119341563786023,0.0,False
0.08,2021-07-01,ABBOTINDIA,DD -8.7% at bar 23,7.103720655102989,31.63721969610966,24.53349904100667,22.90629951130252,True
0.08,2021-07-01,COLPAL,DD -8.4% at bar 24,-3.8051750380517504,-1.1942395504039394,2.610935487647811,5.617088607594933,True
0.08,2021-07-01,EXIDEIND,DD -8.9% at bar 26,-8.081363386476095,-1.6767454645409627,6.404617921935133,13.427033492822972,True
0.08,2021-07-01,SUPREMEIND,DD -8.2% at bar 28,-6.15271422987608,6.7574092382682185,12.910123468144299,14.391062547467982,True
0.08,2021-07-01,AIAENG,DD -8.5% at bar 18,-5.454115421002837,-8.75591296121097,-3.301797540208134,7.1346375143843455,True
0.08,2021-10-01,INFY,DD -8.5% at bar 19,2.0959072756208066,14.010749782301891,11.914842506681085,11.670244992794343,True
0.08,2021-10-01,BRITANNIA,DD -8.0% at bar 25,-5.676978398918669,-7.7414501032873355,-2.0644717043686667,1.1923752872786242,False
0.08,2021-10-01,COLPAL,DD -8.4% at bar 14,-9.210214480388673,-13.27171465813485,-4.061500177746177,1.3476033543250665,False
0.08,2021-10-01,TCS,DD -8.2% at bar 9,-2.226422175754644,2.3470591389201703,4.573481314674814,4.677624994858998,False
0.08,2021-10-01,HEROMOTOCO,DD -8.2% at bar 15,-5.177408311241413,-13.039203637704311,-7.861795326462898,1.8663210516570938,False
0.08,2021-10-01,SJVN,DD -10.3% at bar 13,2.4647887323943762,8.978873239436622,6.514084507042245,6.357388316151202,True
0.08,2021-10-01,RATNAMANI,DD -9.7% at bar 38,1.2176664832140767,-12.059713813979087,-13.277380297193163,0.0,False
0.08,2021-10-01,BAJAJ-AUTO,DD -8.6% at bar 28,-6.526761148315419,-14.937963972382288,-8.41120282406687,0.20965524901765953,False
0.08,2021-10-01,PIDILITIND,DD -8.6% at bar 15,-4.070724704831093,2.3456310036983945,6.416355708529488,6.690356468264569,True
0.08,2021-10-01,HDFCLIFE,DD -8.5% at bar 37,-6.278703132497096,-10.823222976214963,-4.544519843717866,3.166825129817896,False
0.08,2021-10-01,TORNTPHARM,DD -10.9% at bar 17,-9.649544238709838,5.5684680707403835,15.218012309450222,17.79039269931375,True
0.08,2021-10-01,ATUL,DD -10.8% at bar 12,-2.6404402102496607,-7.161629434953993,-4.521189224704333,3.8155341853304714,False
0.08,2021-10-01,RELIANCE,DD -8.5% at bar 21,-1.5887148867822256,-4.748686254997457,-3.1599713682152313,4.409338466178192,False
0.08,2021-10-01,SBILIFE,DD -8.2% at bar 13,-3.4613953103676365,0.028948347876443195,3.49034365824408,3.6154900616860886,False
0.08,2021-10-01,NHPC,DD -9.0% at bar 12,6.8728522336769755,7.216494845360817,0.34364261168384136,9.0032154340836,True
0.08,2022-01-03,PETRONET,DD -8.4% at bar 35,-6.1928702010968975,-8.775137111517376,-2.5822669104204783,7.600487210718643,True
0.08,2022-01-03,NESTLEIND,DD -8.2% at bar 22,-6.84114239251956,-8.409391198292509,-1.5682488057729493,0.0,False
0.08,2022-01-03,HEROMOTOCO,DD -10.8% at bar 37,3.302915287087143,-5.828555277396427,-9.131470564483571,0.0,False
0.08,2022-01-03,HDFCBANK,DD -9.4% at bar 37,-4.1825145098245775,5.830251503625805,10.012766013450381,13.783393997664994,True
0.08,2022-01-03,BAJAJ-AUTO,DD -9.2% at bar 41,-1.0680174544566843,16.252174178389428,17.32019163284611,17.507171277875443,True
0.08,2022-01-03,HDFCLIFE,DD -10.5% at bar 24,-7.694081475787849,-12.428900845503462,-4.734819369715613,0.965942210009163,False
0.08,2022-01-03,TCS,DD -9.2% at bar 17,-3.3449021020234384,-0.07727064370374745,3.267631458319691,4.502649015595983,False
0.08,2022-01-03,INFY,DD -10.5% at bar 15,-9.286523216308039,-1.9673944533698615,7.319128762938178,10.72496588566616,True
0.08,2022-01-03,ULTRACEMCO,DD -9.1% at bar 15,-8.098887867528052,-12.917697018345654,-4.818809150817602,5.887283664513587,True
0.08,2022-01-03,PIDILITIND,DD -10.5% at bar 17,0.07437468673705902,1.3621885559992812,1.2878138692622223,1.9024153808869793,False
0.08,2022-01-03,MGL,DD -8.4% at bar 15,-6.386986301369868,-5.4052511415525135,0.9817351598173545,3.7924516797756214,False
0.08,2022-01-03,LT,DD -8.2% at bar 15,0.12741503497412932,-4.514132667654781,-4.641547702628911,3.386485223082114,False
0.08,2022-01-03,AIAENG,DD -8.0% at bar 32,-3.8475010103731693,-8.295837262562308,-4.448336252189139,0.0,False
0.08,2022-01-03,SHREECEM,DD -9.1% at bar 14,-10.740474320485625,-7.668621593252934,3.0718527272326908,4.805743208516122,False
0.08,2022-04-05,NESTLEIND,DD -8.4% at bar 20,-8.426916418837937,2.028496604376591,10.455413023214529,11.417561377572039,True
0.08,2022-04-05,COLPAL,DD -8.2% at bar 42,-4.525115018592043,-1.106069200226883,3.41904581836516,3.581094461680645,False
0.08,2022-04-05,MRF,DD -9.0% at bar 43,3.940315248834056,8.079284491410352,4.138969242576296,3.9820633915411685,False
0.08,2022-04-05,TCS,DD -9.0% at bar 8,-6.763133060710915,-14.523697179406525,-7.76056411869561,2.020074224021595,False
0.08,2022-04-05,AIAENG,DD -8.8% at bar 26,5.779174991185812,38.09789634504643,32.31872135386062,31.608477071355168,True
0.08,2022-04-05,IRFC,DD -10.2% at bar 49,-10.609480812641074,-9.932279909706544,0.6772009029345298,0.7575757575757569,False
0.08,2022-04-05,ICICIGI,DD -8.6% at bar 16,-5.026445241705797,-8.847135407034799,-3.820690165329001,2.1380169795155224,False
0.08,2022-04-05,DRREDDY,DD -9.9% at bar 18,-8.455160627266222,1.3880228180789373,9.84318344534516,10.858267319239111,True
0.08,2022-04-05,SUNPHARMA,DD -8.7% at bar 22,-7.996986330857827,-9.83747712840383,-1.8404907975460025,7.867337388862894,True
0.08,2022-04-05,INFY,DD -12.9% at bar 7,-16.071140723228194,-19.8511632905271,-3.780022567298907,3.6363636363636376,False
0.08,2022-04-05,BAJAJ-AUTO,DD -10.5% at bar 18,-7.501903036984532,-0.9620180066671822,6.53988503031735,10.360679928488326,True
0.08,2022-04-05,PETRONET,DD -11.3% at bar 50,-1.25250501002004,10.69639278557114,11.94889779559118,12.354134956874674,True
0.08,2022-04-05,BHARTIARTL,DD -8.4% at bar 20,-7.187581528828596,-9.476911035742235,-2.2893295069136395,1.5952213633169343,False
0.08,2022-04-05,LT,DD -8.7% at bar 9,-6.620190081969444,-15.244682879006556,-8.624492797037112,0.27704870224556366,False
0.08,2022-07-06,IRFC,DD -9.5% at bar 55,6.015037593984959,7.017543859649135,1.0025062656641754,1.1820330969267046,False
0.08,2022-07-06,ALKEM,DD -8.2% at bar 23,-3.880703692272714,3.9716703757248903,7.852374067997604,12.20678699384845,True
0.08,2022-07-06,MRF,DD -9.2% at bar 52,15.40525630136201,13.026592853767994,-2.3786634475940165,0.0,False
0.08,2022-07-06,PFC,DD -8.7% at bar 54,-0.09380863039399424,-1.5478424015009467,-1.4540337711069524,0.0,False
0.08,2022-07-06,TCS,DD -8.8% at bar 6,-8.162232615195892,-6.006286897186228,2.155945718009664,14.289053629867098,True
0.08,2022-07-06,POWERGRID,DD -14.8% at bar 54,-4.56158134820072,-0.5005068423720173,4.061074505828703,5.649229952203938,True
0.08,2022-07-06,EXIDEIND,DD -8.2% at bar 53,11.671368124118462,10.860366713681223,-0.811001410437239,0.0,False
0.08,2022-10-07,IRFC,DD -8.8% at bar 42,45.43325526932083,53.161592505854806,7.728337236533974,14.814814814814813,True
0.08,2022-10-07,PFC,DD -9.9% at bar 53,29.871367317770385,49.737970462124835,19.86660314435445,15.297138664710186,True
0.08,2022-10-07,ITC,DD -9.4% at bar 53,0.1468930413691821,0.28353773101492297,0.13664468964574086,0.22513303315594424,False
0.08,2022-10-07,RELAXO,DD -8.5% at bar 22,-8.54358365489265,-11.308993766696355,-2.765410111803705,3.4294369016065307,False
0.08,2022-10-07,ALKEM,DD -9.4% at bar 49,-6.197856450957734,-5.279192575696038,0.9186638752616965,2.811505854527896,False
0.08,2022-10-07,SJVN,DD -8.6% at bar 47,13.608562691131484,5.3516819571865435,-8.25688073394494,2.4226110363391617,False
0.08,2022-10-07,RVNL,DD -9.0% at bar 30,77.22222222222221,101.25000000000001,24.0277777777778,25.548589341692796,True
0.08,2022-10-07,PIDILITIND,DD -10.2% at bar 53,-5.597536242770223,-5.2692856606324545,0.3282505821377688,3.5065803084072034,False
0.08,2022-10-07,ATUL,DD -8.5% at bar 26,-9.195092355399755,-12.03709945620421,-2.842007100804455,9.964736451373435,True
0.08,2022-10-07,HCLTECH,DD -9.6% at bar 43,7.382270021927539,7.841704082698121,0.45943406077058224,2.7032283158304082,False
0.08,2023-01-06,PETRONET,DD -8.3% at bar 18,-4.061496099128037,6.218448829738404,10.279944928866442,13.776608466873942,True
0.08,2023-01-06,TORNTPHARM,DD -8.4% at bar 30,-3.9799547365017753,2.6608470740381565,6.640801810539932,6.916057779723217,True
0.08,2023-01-06,UBL,DD -11.6% at bar 24,-11.933275014328375,-16.51835540406021,-4.585080389731834,1.1097790717588651,False
0.08,2023-01-06,PIDILITIND,DD -9.3% at bar 13,-9.183681560480526,-6.918288863339016,2.26539269714151,3.7718386840474016,False
0.08,2023-01-06,IOC,DD -8.0% at bar 35,-4.996876951905059,-2.5608994378513397,2.4359775140537194,5.982905982905984,True
0.08,2023-01-06,BHARTIARTL,DD -8.1% at bar 35,-6.75251256281407,-3.128140703517585,3.624371859296485,4.297743347928584,False
0.08,2023-01-06,HDFCBANK,DD -9.1% at bar 46,-2.6655795283492223,5.67611640742599,8.341695935775213,8.5701398285972,True
0.08,2023-01-06,TCS,DD -9.6% at bar 45,-0.3938908003923367,0.9372421416449972,1.331132942037334,2.0163181093500793,False
0.08,2023-01-06,RELAXO,DD -9.1% at bar 11,-8.813029897367247,-9.1979027219991,-0.38487282463185224,4.722290188402245,False
0.08,2023-04-12,SUNPHARMA,DD -8.6% at bar 24,-8.935772597619751,5.734238221697645,14.670010819317396,16.325538694172927,True
0.08,2023-04-12,KOTAKBANK,DD -9.0% at bar 44,0.64803015102627,1.4072286543206523,0.7591985032943822,1.18534482758621,False
0.08,2023-07-13,PIDILITIND,DD -9.8% at bar 53,-6.853760977472318,-6.068728522336772,0.7850324551355454,1.9741750358680088,False
0.08,2023-07-13,BATAINDIA,DD -8.5% at bar 51,-3.0861965039180257,-2.05846895720314,1.0277275467148859,2.2981714143550214,False
0.08,2023-07-13,WIPRO,DD -8.1% at bar 53,2.862498733407643,4.129091093322528,1.2665923599148852,3.718662266660111,False
0.08,2023-07-13,ASIANPAINT,DD -8.9% at bar 20,-6.3250000000000055,-7.388235294117642,-1.0632352941176366,4.342297367305625,False
0.08,2023-10-13,ABBOTINDIA,DD -8.7% at bar 46,0.32567741125683447,17.49692365969065,17.171246248433818,17.115504915102765,True
0.08,2024-01-15,HINDUNILVR,DD -8.6% at bar 22,-7.692756101352395,-13.928182807399335,-6.2354267060469395,1.9682138722239673,False
0.08,2024-01-15,HDFCBANK,DD -8.4% at bar 2,-11.15734098517455,-10.646819703491149,0.5105212816834008,4.2660278839425025,False
0.08,2024-01-15,VINATIORGA,DD -8.4% at bar 20,-4.538063991638109,-4.869055223273905,-0.3309912316357959,4.163751938927596,False
0.08,2024-01-15,TITAN,DD -8.1% at bar 14,-5.312795136810456,-6.218657302100377,-0.9058621652899213,7.06910357810151,True
0.08,2024-01-15,BRITANNIA,DD -8.6% at bar 60,-8.024375404405742,-9.31654224651608,-1.2921668421103387,0.0,False
0.08,2024-01-15,ASIANPAINT,DD -9.0% at bar 7,-9.917834998014609,-14.239897370109052,-4.322062372094443,2.3124915231249155,False
0.08,2024-01-15,MRF,DD -9.1% at bar 44,-2.441360294117647,-4.976838235294117,-2.5354779411764703,3.3260915851891504,False
0.08,2024-01-15,TCS,DD -8.1% at bar 49,-1.6112505763614962,-1.070751575388088,0.5404990009734081,4.228175687989788,False
0.08,2024-01-15,HINDZINC,DD -10.1% at bar 43,-8.174048174048178,25.858585858585855,34.032634032634036,46.200710780165856,True
0.08,2024-04-18,ASIANPAINT,DD -8.9% at bar 14,-1.2982156213270584,4.927520746518516,6.225736367845574,9.05006765899865,True
0.08,2024-04-18,KOTAKBANK,DD -10.9% at bar 5,-9.97621379599833,1.9504687281376718,11.926682524136002,15.212931302455711,True
0.08,2024-04-18,VINATIORGA,DD -8.3% at bar 32,3.2717839157637667,17.616358919578815,14.344575003815049,16.535153825693772,True
0.08,2024-04-18,DRREDDY,DD -8.7% at bar 20,-2.443282442107394,11.39554988543179,13.838832327539183,16.91702801293964,True
0.08,2024-04-18,GRASIM,DD -9.1% at bar 32,3.5399025179128825,23.22274881516587,19.682846297252986,23.381131093129714,True
0.08,2024-07-19,ASIANPAINT,DD -9.2% at bar 53,3.944264353965473,1.5648071146110862,-2.3794572393543865,0.8425177565515529,False
0.08,2024-07-19,BATAINDIA,DD -9.6% at bar 13,-4.469090431815193,-3.8620553878461683,0.6070350439690246,0.8346499965652177,False
0.08,2024-07-19,HINDUNILVR,DD -8.6% at bar 56,1.0157682434910091,-0.3630363036303664,-1.3788045471213755,1.2487748212146599,False
0.08,2024-07-19,SBICARD,DD -9.2% at bar 54,1.8995268577790114,2.9988867241859105,1.099359866406899,1.1676340047797718,False
0.08,2024-07-19,TCS,DD -8.9% at bar 58,-3.8525009297136483,-4.168603570100397,-0.31610264038674885,0.0,False
0.08,2024-07-19,HDFCBANK,DD -9.3% at bar 54,2.722578236794624,4.638835313880417,1.9162570770857932,2.95204292999649,False
0.08,2024-07-19,MRF,DD -8.3% at bar 61,1.317634423960308,1.0311141082181934,-0.28652031574211456,0.0,False
0.08,2024-07-19,EICHERMOT,DD -8.3% at bar 13,-5.644546147978646,-1.753355185849469,3.891190962129177,10.611986278922437,True
0.08,2024-10-18,RELAXO,DD -10.6% at bar 17,-12.563135349402213,-26.04692794578351,-13.483792596381296,0.02193623866628691,False
0.08,2024-10-18,SUNPHARMA,DD -8.5% at bar 20,-6.967309655298763,-6.9149632266338585,0.052346428664904465,6.341257560838387,True
0.08,2024-10-18,DRREDDY,DD -9.0% at bar 19,-11.47216329679133,-3.4022637255047483,8.06989957128658,16.413221063214788,True
0.08,2024-10-18,NESTLEIND,DD -8.3% at bar 42,-7.9463548713759415,-5.7976564295014255,2.148698441874516,4.27825283106078,False
0.08,2024-10-18,APOLLOHOSP,DD -9.2% at bar 20,-4.238926520500079,-2.8934969711724254,1.3454295493276534,11.213716370814586,True
0.08,2024-10-18,TCS,DD -8.5% at bar 49,-0.2570912310061814,-1.0974885097197462,-0.8403972787135647,4.344125764447004,False
0.08,2024-10-18,SBICARD,DD -9.8% at bar 6,-7.424170776194005,2.8845504289671045,10.30872120516111,11.135434909515475,True
0.08,2024-10-18,PIDILITIND,DD -8.1% at bar 44,-6.724246231155776,-12.444723618090446,-5.72047738693467,0.0,False
0.08,2024-10-18,ASIANPAINT,DD -9.2% at bar 15,-15.007603228447776,-23.78223016894206,-8.774626940494285,0.0,False
0.08,2024-10-18,INFY,DD -9.2% at bar 62,-3.5273462438816745,-3.5273462438816745,0.0,0.0,False
0.08,2024-10-18,SHREECEM,DD -8.1% at bar 47,6.022959681812103,3.3740660424867164,-2.6488936393253866,3.4879325018854157,False
0.08,2024-10-18,MRF,DD -9.0% at bar 54,-7.3972543477076815,-12.096328430723084,-4.699074083015402,0.0,False
0.08,2024-10-18,KOTAKBANK,DD -9.8% at bar 18,-8.719702840650971,2.6429010448678665,11.362603885518837,12.448035599273965,True
0.08,2025-01-20,SUNPHARMA,DD -8.6% at bar 23,-6.1268100660762,1.4424293547026623,7.569239420778863,8.06326004912239,True
0.08,2025-01-20,ITC,DD -9.6% at bar 17,-6.351382225268451,-1.7477724468814204,4.603609778387031,5.781898023908272,True
0.08,2025-01-20,MRF,DD -8.0% at bar 28,-7.393577099588184,14.178646694777763,21.572223794365947,23.294522257451344,True
0.08,2025-01-20,DRREDDY,DD -8.0% at bar 5,-9.298575651706525,-7.82047836603063,1.4780972856758945,5.007407407407416,True
0.08,2025-01-20,RELIANCE,DD -8.1% at bar 29,-10.279980083496115,-0.29491746141178415,9.985062622084332,11.1718249733191,True
0.08,2025-01-20,PIDILITIND,DD -8.9% at bar 27,-3.9694952219703383,10.353832467644267,14.323327689614604,14.91539352284188,True
0.08,2025-01-20,BHARTIARTL,DD -8.6% at bar 29,-2.7633062182006602,12.457727812814174,15.221034031014835,18.37949617746584,True
0.08,2025-01-20,TITAN,DD -8.8% at bar 17,-3.748983664720236,0.010348141030376496,3.7593318057506124,3.905758036523377,False
0.08,2025-01-20,TCS,DD -9.0% at bar 23,-7.317671293344452,-16.582470940212865,-9.264799646868413,0.17463089379265995,False
0.08,2025-01-20,APOLLOHOSP,DD -9.0% at bar 17,-5.99187417506655,5.584108187026694,11.575982362093244,12.31381038661552,True
0.08,2025-01-20,ULTRACEMCO,DD -10.2% at bar 28,-4.668476956454216,14.443571196626642,19.11204815308086,20.047983650015546,True
0.08,2025-01-20,RATNAMANI,DD -9.6% at bar 16,-12.824672609590074,-9.6854041578164,3.139268451773674,5.978167027991477,True
0.08,2025-04-24,MRF,DD -8.3% at bar 40,4.337284482758621,15.390240147783251,11.05295566502463,12.478329829220613,True
0.08,2025-04-24,RELIANCE,DD -8.3% at bar 62,9.449907805777505,9.449907805777505,0.0,0.0,False
0.08,2025-04-24,SUNPHARMA,DD -8.4% at bar 11,-5.759742779533238,-6.729863074449808,-0.9701202949165699,2.3588235294117688,False
0.08,2025-04-24,ASIANPAINT,DD -8.3% at bar 25,-8.02223664989451,-3.611426716442136,4.410809933452374,10.24396700048531,True
0.08,2025-04-24,TCS,DD -9.8% at bar 55,-5.259289746001884,-6.541039510818439,-1.2817497648165546,0.9184845005740572,False
0.08,2025-04-24,SHREECEM,DD -8.7% at bar 40,-6.969548933398469,4.592085979482169,11.561634912880638,13.23297741991949,True
0.08,2025-07-23,ICICIBANK,DD -8.7% at bar 45,-9.438398495230418,-7.4499529759505485,1.9884455192798693,6.56479489652102,True
0.08,2025-07-23,NESTLEIND,DD -9.1% at bar 3,-9.32925586136596,4.54638124362895,13.87563710499491,15.977874713315664,True
0.08,2025-07-23,ACC,DD -8.3% at bar 6,-7.969230769230774,-5.123076923076928,2.846153846153846,5.070767859132963,True
0.08,2025-07-23,ASIANPAINT,DD -9.5% at bar 45,-1.380820072408865,5.312789424938949,6.693609497347815,7.402031930333819,True
0.08,2025-07-23,TCS,DD -8.8% at bar 45,-8.901890472146205,-3.6456858859425654,5.256204586203639,6.115120334242596,True
0.08,2025-07-23,SHREECEM,DD -8.8% at bar 25,-6.990502880274016,-10.602522185894442,-3.612019305620426,2.0589219953130122,False
0.08,2025-07-23,MRF,DD -8.2% at bar 16,-3.6020411566554382,6.853883867524931,10.455925024180369,12.303221118914998,True
0.08,2025-10-24,HDFCBANK,DD -8.3% at bar 56,-6.398592611208844,-6.8710731339532565,-0.4724805227444122,0.010739984964014404,False
0.08,2025-10-24,ITC,DD -13.7% at bar 47,-16.014875239923224,-23.548464491362772,-7.5335892514395475,0.0,False
0.08,2025-10-24,NTPC,DD -8.1% at bar 30,-5.815665488810365,1.5017667844522866,7.317432273262652,10.082851336564014,True
0.08,2025-10-24,ACC,DD -8.1% at bar 37,-5.145667801740437,-8.76709367061239,-3.6214258688719525,1.5727391874180707,False
0.08,2025-10-24,ONGC,DD -8.6% at bar 35,-8.922968308754314,-2.7494508942579303,6.173517414496383,6.898927694759038,True
0.08,2025-10-24,LT,DD -8.5% at bar 59,-3.5442648979487332,-2.9987963840303187,0.5454685139184146,0.7248108323377078,False
0.08,2025-10-24,EICHERMOT,DD -8.0% at bar 62,4.744152046783626,4.744152046783626,0.0,0.0,False
0.08,2025-10-24,BHARTIARTL,DD -8.2% at bar 62,-2.7546444586803265,-2.7546444586803265,0.0,0.0,False
0.08,2025-10-24,SUNPHARMA,DD -8.9% at bar 57,-1.3890523837551447,-3.537374926427305,-2.14832254267216,0.0,False
0.08,2025-10-24,RELIANCE,DD -8.8% at bar 55,0.4960044089280825,-4.898043538164778,-5.394047947092861,0.0,False
0.08,2026-01-27,HDFCBANK,DD -8.9% at bar 26,-5.251511226252157,-16.69905008635578,-11.447538860103622,0.0,False
0.08,2026-01-27,SBIN,DD -10.5% at bar 29,5.6069885581351135,1.4527845036319569,-4.154204054503157,0.0,False
0.08,2026-01-27,LT,DD -12.1% at bar 26,6.623897777073753,5.971804213527636,-0.6520935635461171,2.008071904325659,False
0.08,2026-01-27,UBL,DD -8.0% at bar 34,13.613374543411084,2.458555774093847,-11.154818769317236,0.03709657474959549,False
0.08,2026-01-27,PIDILITIND,DD -8.6% at bar 29,-1.3474295190713101,-4.94057490326147,-3.5931453841901595,0.0,False
0.08,2026-01-27,SHREECEM,DD -8.3% at bar 27,-8.614988978692137,-11.113152094048493,-2.4981631153563555,3.457286432160811,False
0.08,2026-01-27,ULTRACEMCO,DD -8.2% at bar 28,-9.619509095241877,-7.967273016125189,1.6522360791166886,7.162946036210238,True
0.08,2026-01-27,MARICO,DD -8.5% at bar 37,-0.2011263073209976,3.915258782515426,4.116385089836424,5.736934031976371,True
0.08,2026-01-27,BHARTIARTL,DD -8.1% at bar 25,-3.4204925509273334,-4.388365257930483,-0.9678727070031492,0.05771551497979477,False
0.08,2026-01-27,RELIANCE,DD -8.4% at bar 26,0.6446939514668664,3.6436073886273057,2.9989134371604393,2.9797034691233515,False
0.08,2026-01-27,TITAN,DD -11.3% at bar 39,-2.4393294971228423,9.712284213159867,12.15161371028271,16.063597897166293,True
0.08,2026-01-27,IRCTC,DD -11.7% at bar 24,-6.345679012345672,-11.185185185185192,-4.839506172839521,0.0,False
0.1,2021-07-01,ABBOTINDIA,DD -11.4% at bar 25,4.60675298602439,31.63721969610966,27.03046671008527,25.840078138833533,True
0.1,2021-07-01,EXIDEIND,DD -10.3% at bar 30,-10.032985156679494,-1.6767454645409627,8.356239692138532,15.887564925145137,True
0.1,2021-07-01,SUPREMEIND,DD -10.2% at bar 34,-9.859057779412781,6.7574092382682185,16.616467017681,19.09450325213622,True
0.1,2021-07-01,AIAENG,DD -10.2% at bar 24,-7.821665089877007,-8.75591296121097,-0.9342478713339641,9.88633156287686,True
0.1,2021-10-01,BRITANNIA,DD -10.4% at bar 38,-9.578944683889723,-7.7414501032873355,1.837494580602388,2.4524044563531078,False
0.1,2021-10-01,COLPAL,DD -10.2% at bar 15,-8.365920132717148,-13.27171465813485,-4.9057945254177024,0.41381094012673536,False
0.1,2021-10-01,TCS,DD -10.2% at bar 13,-6.202080317409252,2.3470591389201703,8.549139456329423,9.114423310516306,True
0.1,2021-10-01,HEROMOTOCO,DD -10.0% at bar 33,-7.5756245720606055,-13.039203637704311,-5.463579065643706,0.0,False
0.1,2021-10-01,SJVN,DD -10.3% at bar 13,2.4647887323943762,8.978873239436622,6.514084507042245,6.357388316151202,True
0.1,2021-10-01,RATNAMANI,DD -14.2% at bar 43,-12.323426894147865,-12.059713813979087,0.2637130801687775,5.521263796620812,True
0.1,2021-10-01,BAJAJ-AUTO,DD -10.8% at bar 32,-10.600633338524634,-14.937963972382288,-4.337330633857654,0.0,False
0.1,2021-10-01,PIDILITIND,DD -10.8% at bar 37,-8.239080611932529,2.3456310036983945,10.584711615630923,11.535097606059242,True
0.1,2021-10-01,HDFCLIFE,DD -10.4% at bar 52,-13.140037014188774,-10.823222976214963,2.3168140379738116,2.667297979797967,False
0.1,2021-10-01,TORNTPHARM,DD -10.9% at bar 17,-9.649544238709838,5.5684680707403835,15.218012309450222,17.79039269931375,True
0.1,2021-10-01,ATUL,DD -10.8% at bar 12,-2.6404402102496607,-7.161629434953993,-4.521189224704333,3.8155341853304714,False
0.1,2021-10-01,RELIANCE,DD -13.5% at bar 33,-5.461862113514546,-4.748686254997457,0.7131758585170891,4.489339895291833,False
0.1,2021-10-01,SBILIFE,DD -10.5% at bar 15,-3.060253918365659,0.028948347876443195,3.0892022662421024,3.1867241158653803,False
0.1,2021-10-01,NHPC,DD -12.4% at bar 13,11.340206185567,7.216494845360817,-4.123711340206183,4.629629629629628,False
0.1,2022-01-03,PETRONET,DD -15.6% at bar 37,-6.512797074954296,-8.775137111517376,-2.2623400365630797,7.968711806404283,True
0.1,2022-01-03,NESTLEIND,DD -10.6% at bar 28,-10.202256326862486,-8.409391198292509,1.7928651285699768,3.473605577689254,False
0.1,2022-01-03,HEROMOTOCO,DD -10.8% at bar 37,3.302915287087143,-5.828555277396427,-9.131470564483571,0.0,False
0.1,2022-01-03,HDFCBANK,DD -12.2% at bar 40,-9.782451337799248,5.830251503625805,15.612702841425053,20.846097738876736,True
0.1,2022-01-03,BAJAJ-AUTO,DD -10.7% at bar 42,-1.2953525983338872,16.252174178389428,17.547526776723316,17.77781212805094,True
0.1,2022-01-03,HDFCLIFE,DD -10.5% at bar 24,-7.694081475787849,-12.428900845503462,-4.734819369715613,0.965942210009163,False
0.1,2022-01-03,TCS,DD -10.8% at bar 35,-6.651823718158597,-0.07727064370374745,6.574553074454849,7.043043941859817,True
0.1,2022-01-03,INFY,DD -10.5% at bar 15,-9.286523216308039,-1.9673944533698615,7.319128762938178,10.72496588566616,True
0.1,2022-01-03,ULTRACEMCO,DD -10.5% at bar 32,-10.451973743834065,-12.917697018345654,-2.465723274511589,0.0,False
0.1,2022-01-03,PIDILITIND,DD -10.5% at bar 17,0.07437468673705902,1.3621885559992812,1.2878138692622223,1.9024153808869793,False
0.1,2022-01-03,MGL,DD -10.3% at bar 26,-9.440639269406397,-5.4052511415525135,4.035388127853883,4.456069582755573,False
0.1,2022-01-03,LT,DD -13.1% at bar 29,-2.433887198689443,-4.514132667654781,-2.0802454689653382,0.3757895578476056,False
0.1,2022-01-03,AIAENG,DD -11.9% at bar 36,-11.669136467735415,-8.295837262562308,3.3732992051731063,6.701439726695946,True
0.1,2022-01-03,SHREECEM,DD -11.7% at bar 15,-10.09233908556413,-7.668621593252934,2.423717492311197,4.050209205020927,False
0.1,2022-04-05,NESTLEIND,DD -11.1% at bar 21,-8.337032269519286,2.028496604376591,10.365528873895876,11.30830599372905,True
0.1,2022-04-05,COLPAL,DD -10.6% at bar 50,-6.359110102728939,-1.106069200226883,5.253040902502057,5.609772513124245,True
0.1,2022-04-05,MRF,DD -11.7% at bar 46,0.6585394651396144,8.079284491410352,7.420745026270738,7.372196204814507,True
0.1,2022-04-05,TCS,DD -10.0% at bar 20,-9.691202684282276,-14.523697179406525,-4.83249449512425,0.18867376854083684,False
0.1,2022-04-05,AIAENG,DD -10.2% at bar 47,24.227288753084967,38.09789634504643,13.870607591961463,12.064235372025923,True
0.1,2022-04-05,IRFC,DD -10.2% at bar 49,-10.609480812641074,-9.932279909706544,0.6772009029345298,0.7575757575757569,False
0.1,2022-04-05,ICICIGI,DD -10.8% at bar 24,-5.285349705958488,-8.847135407034799,-3.5617857010763103,2.4172133708216137,False
0.1,2022-04-05,DRREDDY,DD -10.5% at bar 19,-9.22076722326151,1.3880228180789373,10.608790041340447,11.793214862681744,True
0.1,2022-04-05,SUNPHARMA,DD -11.1% at bar 38,-7.485738887095046,-9.83747712840383,-2.3517382413087837,0.6456866965272701,False
0.1,2022-04-05,INFY,DD -12.9% at bar 7,-16.071140723228194,-19.8511632905271,-3.780022567298907,3.6363636363636376,False
0.1,2022-04-05,BAJAJ-AUTO,DD -10.5% at bar 18,-7.501903036984532,-0.9620180066671822,6.53988503031735,10.360679928488326,True
0.1,2022-04-05,PETRONET,DD -11.3% at bar 50,-1.25250501002004,10.69639278557114,11.94889779559118,12.354134956874674,True
0.1,2022-04-05,BHARTIARTL,DD -11.1% at bar 25,-9.574745630054785,-9.476911035742235,0.09783459431255004,1.9979803808424457,False
0.1,2022-04-05,LT,DD -10.5% at bar 12,-7.41265216088886,-15.244682879006556,-7.832030718117696,1.1353275096326332,False
0.1,2022-07-06,ALKEM,DD -10.0% at bar 29,-4.616559185198432,3.9716703757248903,8.588229560923322,13.072429707590395,True
0.1,2022-07-06,MRF,DD -11.1% at bar 54,8.092426348692214,13.026592853767994,4.93416650507578,4.635385938958736,False
0.1,2022-07-06,PFC,DD -11.8% at bar 55,-0.09380863039399424,-1.5478424015009467,-1.4540337711069524,0.0,False
0.1,2022-07-06,TCS,DD -12.1% at bar 49,-7.1133941577857795,-6.006286897186228,1.1071072605995518,2.4151479133650122,False
0.1,2022-07-06,POWERGRID,DD -14.8% at bar 54,-4.56158134820072,-0.5005068423720173,4.061074505828703,5.649229952203938,True
0.1,2022-07-06,EXIDEIND,DD -11.9% at bar 55,11.001410437235538,10.860366713681223,-0.14104372355431494,0.1905972045743276,False
0.1,2022-10-07,IRFC,DD -12.0% at bar 43,56.44028103044495,53.161592505854806,-3.2786885245901445,6.736526946107779,True
0.1,2022-10-07,RELAXO,DD -10.0% at bar 26,-10.106856634016037,-11.308993766696355,-1.2021371326803187,5.228110725881896,True
0.1,2022-10-07,SJVN,DD -13.1% at bar 51,3.3639143730886674,5.3516819571865435,1.9877675840978761,3.698224852071008,False
0.1,2022-10-07,RVNL,DD -10.9% at bar 39,100.0,101.25000000000001,1.2500000000000142,2.777777777777768,False
0.1,2022-10-07,PIDILITIND,DD -10.2% at bar 53,-5.597536242770223,-5.2692856606324545,0.3282505821377688,3.5065803084072034,False
0.1,2022-10-07,ATUL,DD -10.2% at bar 32,-7.851894296885537,-12.03709945620421,-4.185205159318673,8.361834043564942,True
0.1,2023-01-06,UBL,DD -11.6% at bar 24,-11.933275014328375,-16.51835540406021,-4.585080389731834,1.1097790717588651,False
0.1,2023-01-06,PIDILITIND,DD -10.3% at bar 14,-9.471514094279033,-6.918288863339016,2.5532252309400176,4.101778050275895,False
0.1,2023-01-06,TCS,DD -10.1% at bar 46,-0.8267036166337183,0.9372421416449972,1.7639457582787155,2.4615384615384706,False
0.1,2023-01-06,RELAXO,DD -10.2% at bar 15,-8.511825078090133,-9.1979027219991,-0.6860776439089662,4.3775149372027755,False
0.1,2023-07-13,PIDILITIND,DD -10.4% at bar 56,-7.247040855288285,-6.068728522336772,1.1783123329515126,2.4065535978923025,False
0.1,2023-07-13,ASIANPAINT,DD -10.2% at bar 21,-5.882352941176471,-7.388235294117642,-1.5058823529411711,3.8515625000000053,False
0.1,2024-01-15,HINDUNILVR,DD -10.1% at bar 41,-9.272501165863513,-13.928182807399335,-4.655681641535821,0.0,False
0.1,2024-01-15,HDFCBANK,DD -11.5% at bar 3,-12.083931133428973,-10.646819703491149,1.4371114299378238,5.364938191016266,True
0.1,2024-01-15,VINATIORGA,DD -10.2% at bar 49,-12.705417803844142,-4.869055223273905,7.8363625805702375,8.976917448280464,True
0.1,2024-01-15,ASIANPAINT,DD -10.5% at bar 8,-9.097712208680775,-14.239897370109052,-5.1421851614282765,1.3894255808874156,False
0.1,2024-01-15,MRF,DD -12.0% at bar 45,-3.2995220588235337,-4.976838235294117,-1.6773161764705837,4.243051904132411,False
0.1,2024-01-15,HINDZINC,DD -10.1% at bar 43,-8.174048174048178,25.858585858585855,34.032634032634036,46.200710780165856,True
0.1,2024-04-18,KOTAKBANK,DD -10.9% at bar 5,-9.97621379599833,1.9504687281376718,11.926682524136002,15.212931302455711,True
0.1,2024-07-19,ASIANPAINT,DD -10.2% at bar 58,3.1601636089000493,1.5648071146110862,-1.595356494288963,1.4132240922626327,False
0.1,2024-07-19,BATAINDIA,DD -10.2% at bar 14,-5.302533140832128,-3.8620553878461683,1.4404777529859594,1.7221067221067088,False
0.1,2024-07-19,TCS,DD -10.1% at bar 61,-4.495165489029371,-4.168603570100397,0.3265619189289737,0.34193234363593117,False
0.1,2024-10-18,RELAXO,DD -10.6% at bar 17,-12.563135349402213,-26.04692794578351,-13.483792596381296,0.02193623866628691,False
0.1,2024-10-18,DRREDDY,DD -11.5% at bar 20,-9.996143062704899,-3.4022637255047483,6.593879337200151,14.504099880506004,True
0.1,2024-10-18,APOLLOHOSP,DD -10.0% at bar 60,-2.7674748313737845,-2.8934969711724254,-0.12602213979864096,0.5663031231359694,False
0.1,2024-10-18,SBICARD,DD -10.3% at bar 49,-8.423968114571373,2.8845504289671045,11.308518543538478,12.34877544998525,True
0.1,2024-10-18,PIDILITIND,DD -10.9% at bar 50,-8.082286432160808,-12.444723618090446,-4.362437185929638,1.0797291110002716,False
0.1,2024-10-18,ASIANPAINT,DD -16.6% at bar 16,-17.288571762779277,-23.78223016894206,-6.493658406162783,1.2182556518576915,False
0.1,2024-10-18,SHREECEM,DD -10.0% at bar 50,9.720968952014887,3.3740660424867164,-6.346902909528171,0.0,False
0.1,2024-10-18,MRF,DD -10.0% at bar 55,-8.157154428553055,-12.096328430723084,-3.939174002170029,0.0,False
0.1,2025-01-20,SUNPHARMA,DD -10.4% at bar 25,-7.80261493040911,1.4424293547026623,9.245044285111772,10.027447392497724,True
0.1,2025-01-20,ITC,DD -11.4% at bar 18,-6.3970756225725385,-1.7477724468814204,4.649303175691118,5.8335367341957545,True
0.1,2025-01-20,MRF,DD -10.7% at bar 31,-7.014094805539497,14.178646694777763,21.19274150031726,22.79134827584577,True
0.1,2025-01-20,DRREDDY,DD -10.5% at bar 23,-10.089453679886349,-7.82047836603063,2.2689753138557185,3.3605192365173453,False
0.1,2025-01-20,RELIANCE,DD -10.3% at bar 30,-10.99620820406756,-0.29491746141178415,10.701290742655777,12.066442895257756,True
0.1,2025-01-20,PIDILITIND,DD -10.2% at bar 29,-3.8188366286911366,10.353832467644267,14.172669096335405,14.735389549845213,True
0.1,2025-01-20,TITAN,DD -10.2% at bar 19,-4.996673811811664,0.010348141030376496,5.00702195284204,5.270364895355173,True
0.1,2025-01-20,TCS,DD -11.6% at bar 26,-10.99244690764628,-16.582470940212865,-5.5900240325665855,0.7769558209695271,False
0.1,2025-01-20,APOLLOHOSP,DD -10.9% at bar 28,-10.739804006872294,5.584108187026694,16.323912193898988,18.288008459174556,True
0.1,2025-01-20,ULTRACEMCO,DD -10.2% at bar 28,-4.668476956454216,14.443571196626642,19.11204815308086,20.047983650015546,True
0.1,2025-01-20,RATNAMANI,DD -12.8% at bar 17,-14.798213777993345,-9.6854041578164,5.112809620176945,8.432954478534826,True
0.1,2025-04-24,SUNPHARMA,DD -10.4% at bar 37,-8.642385941571046,-6.729863074449808,1.912522867121238,4.824029126213603,False
0.1,2025-04-24,ASIANPAINT,DD -10.4% at bar 33,-9.941567927284531,-3.611426716442136,6.330141210842395,12.593493737046057,True
0.1,2025-04-24,TCS,DD -11.0% at bar 56,-4.389111006585129,-6.541039510818439,-2.15192850423331,0.0,False
0.1,2025-07-23,NESTLEIND,DD -10.6% at bar 12,-9.887869520897043,4.54638124362895,14.434250764525993,16.69683257918553,True
0.1,2025-07-23,ASIANPAINT,DD -10.0% at bar 52,-1.6418287446324829,5.312789424938949,6.954618169571432,7.687039890429714,True
0.1,2025-07-23,SHREECEM,DD -10.1% at bar 60,-9.85520784680056,-10.602522185894442,-0.7473143390938812,0.0690846286701241,False
0.1,2025-10-24,ITC,DD -13.7% at bar 47,-16.014875239923224,-23.548464491362772,-7.5335892514395475,0.0,False
0.1,2025-10-24,ACC,DD -10.9% at bar 53,-7.750932382033396,-8.76709367061239,-1.016161288578994,2.865178414484082,False
0.1,2025-10-24,ONGC,DD -10.1% at bar 52,-8.185597740822091,-2.7494508942579303,5.436146846564161,6.040411807424495,True
0.1,2025-10-24,LT,DD -10.1% at bar 62,-2.9987963840303187,-2.9987963840303187,0.0,0.0,False
0.1,2025-10-24,SUNPHARMA,DD -11.9% at bar 59,-5.067686874632131,-3.537374926427305,1.5303119482048264,1.612003224006453,False
0.1,2025-10-24,RELIANCE,DD -11.2% at bar 58,-3.968035271424629,-4.898043538164778,-0.930008266740149,0.7604017216642722,False
0.1,2026-01-27,HDFCBANK,DD -10.1% at bar 28,-9.250863557858368,-16.69905008635578,-7.448186528497411,1.0407993338884314,False
0.1,2026-01-27,SBIN,DD -10.5% at bar 29,5.6069885581351135,1.4527845036319569,-4.154204054503157,0.0,False
0.1,2026-01-27,LT,DD -12.1% at bar 26,6.623897777073753,5.971804213527636,-0.6520935635461171,2.008071904325659,False
0.1,2026-01-27,UBL,DD -10.7% at bar 37,10.206518685023896,2.458555774093847,-7.747962910930049,2.3902097010644496,False
0.1,2026-01-27,PIDILITIND,DD -11.7% at bar 33,-6.467661691542299,-4.94057490326147,1.5270867882808288,4.831560283687941,False
0.1,2026-01-27,SHREECEM,DD -14.2% at bar 29,-11.976487876561352,-11.113152094048493,0.8633357825128591,7.408180300500833,True
0.1,2026-01-27,ULTRACEMCO,DD -12.8% at bar 29,-7.42711891333704,-7.967273016125189,-0.5401541027881489,4.6250214518620325,False
0.1,2026-01-27,MARICO,DD -10.5% at bar 39,-0.8983641727004468,3.915258782515426,4.813622955215873,6.480855094033289,True
0.1,2026-01-27,BHARTIARTL,DD -11.4% at bar 31,-8.720989155771772,-4.388365257930483,4.332623897841289,4.818742019652467,False
0.1,2026-01-27,RELIANCE,DD -11.2% at bar 46,-5.498007968127497,3.6436073886273057,9.141615356754802,9.673463130461446,True
0.1,2026-01-27,TITAN,DD -11.3% at bar 39,-2.4393294971228423,9.712284213159867,12.15161371028271,16.063597897166293,True
0.1,2026-01-27,IRCTC,DD -11.7% at bar 24,-6.345679012345672,-11.185185185185192,-4.839506172839521,0.0,False
0.12,2021-07-01,EXIDEIND,DD -12.1% at bar 33,-11.90214403518417,-1.6767454645409627,10.225398570643208,18.346333853354135,True
0.12,2021-10-01,COLPAL,DD -13.0% at bar 31,-12.495556345538562,-13.27171465813485,-0.776158312596289,0.5552170085990848,False
0.12,2021-10-01,TCS,DD -13.1% at bar 18,-8.912390756527797,2.3470591389201703,11.259449895447968,12.361121330292102,True
0.12,2021-10-01,HEROMOTOCO,DD -13.6% at bar 37,-12.540599378500312,-13.039203637704311,-0.498604259203999,1.4473261602697907,False
0.12,2021-10-01,SJVN,DD -12.4% at bar 18,-0.176056338028159,8.978873239436622,9.154929577464781,9.171075837742503,True
0.12,2021-10-01,RATNAMANI,DD -14.2% at bar 43,-12.323426894147865,-12.059713813979087,0.2637130801687775,5.521263796620812,True
0.12,2021-10-01,BAJAJ-AUTO,DD -13.4% at bar 33,-10.843326584644137,-14.937963972382288,-4.0946373877381514,0.0,False
0.12,2021-10-01,PIDILITIND,DD -12.0% at bar 43,-8.42689656884242,2.3456310036983945,10.772527572540813,11.763855508773213,True
0.12,2021-10-01,HDFCLIFE,DD -13.6% at bar 53,-12.434025635752969,-10.823222976214963,1.610802659538006,1.8395303326810275,False
0.12,2021-10-01,TORNTPHARM,DD -12.1% at bar 18,-7.146752538499489,5.5684680707403835,12.715220609239871,14.615438400223745,True
0.12,2021-10-01,ATUL,DD -12.4% at bar 13,-0.9393478975032852,-7.161629434953993,-6.2222815374507086,2.0327899433119745,False
0.12,2021-10-01,RELIANCE,DD -13.5% at bar 33,-5.461862113514546,-4.748686254997457,0.7131758585170891,4.489339895291833,False
0.12,2021-10-01,NHPC,DD -12.4% at bar 13,11.340206185567,7.216494845360817,-4.123711340206183,4.629629629629628,False
0.12,2022-01-03,PETRONET,DD -15.6% at bar 37,-6.512797074954296,-8.775137111517376,-2.2623400365630797,7.968711806404283,True
0.12,2022-01-03,NESTLEIND,DD -12.5% at bar 41,-11.617034251448315,-8.409391198292509,3.207643053155806,5.12994480220792,True
0.12,2022-01-03,HEROMOTOCO,DD -13.1% at bar 40,-2.390373899701196,-5.828555277396427,-3.4381813776952312,0.2585422354595801,False
0.12,2022-01-03,HDFCBANK,DD -12.2% at bar 40,-9.782451337799248,5.830251503625805,15.612702841425053,20.846097738876736,True
0.12,2022-01-03,HDFCLIFE,DD -17.3% at bar 29,-11.821675634127592,-12.428900845503462,-0.6072252113758694,3.312412831241285,False
0.12,2022-01-03,TCS,DD -15.4% at bar 37,-7.779451247462511,-0.07727064370374745,7.702180603758763,8.351913654761066,True
0.12,2022-01-03,INFY,DD -13.5% at bar 17,-11.180173299270457,-1.9673944533698615,9.212778845900596,13.085636342070917,True
0.12,2022-01-03,ULTRACEMCO,DD -12.1% at bar 33,-11.787438988075971,-12.917697018345654,-1.1302580302696832,0.0,False
0.12,2022-01-03,PIDILITIND,DD -12.1% at bar 25,0.26839560865979534,1.3621885559992812,1.0937929473394858,1.201322260743365,False
0.12,2022-01-03,MGL,DD -12.8% at bar 32,-12.271689497716896,-5.4052511415525135,6.866438356164382,7.826935588809358,True
0.12,2022-01-03,LT,DD -13.1% at bar 29,-2.433887198689443,-4.514132667654781,-2.0802454689653382,0.3757895578476056,False
0.12,2022-01-03,AIAENG,DD -16.1% at bar 37,-11.655664825542232,-8.295837262562308,3.3598275629799232,6.685168806611963,True
0.12,2022-01-03,SHREECEM,DD -13.0% at bar 17,-11.460543024288558,-7.668621593252934,3.7919214310356244,5.658101447893649,True
0.12,2022-04-05,NESTLEIND,DD -12.6% at bar 24,-8.98952461272138,2.028496604376591,11.01802121709797,12.106322014265691,True
0.12,2022-04-05,MRF,DD -12.2% at bar 47,1.0120136962040218,8.079284491410352,7.06727079520633,6.9964656050331975,True
0.12,2022-04-05,TCS,DD -14.5% at bar 29,-13.678305546817661,-14.523697179406525,-0.8453916325888642,4.468569693288793,False
0.12,2022-04-05,IRFC,DD -13.3% at bar 51,-9.932279909706544,-9.932279909706544,0.0,0.0,False
0.12,2022-04-05,ICICIGI,DD -12.9% at bar 31,-10.337685394089581,-8.847135407034799,1.4905499870547825,6.451612903225801,True
0.12,2022-04-05,DRREDDY,DD -12.3% at bar 23,-10.390540197233195,1.3880228180789373,11.778563015312132,13.252577319587644,True
0.12,2022-04-05,SUNPHARMA,DD -12.1% at bar 46,-11.19900979442472,-9.83747712840383,1.3615326660208904,1.6544451851403075,False
0.12,2022-04-05,INFY,DD -12.9% at bar 7,-16.071140723228194,-19.8511632905271,-3.780022567298907,3.6363636363636376,False
0.12,2022-04-05,PETRONET,DD -14.0% at bar 51,3.306613226452903,10.69639278557114,7.389779559118237,7.395732298739088,True
0.12,2022-04-05,BHARTIARTL,DD -13.1% at bar 29,-10.266110096530138,-9.476911035742235,0.7891990607879027,1.78805058874838,False
0.12,2022-04-05,LT,DD -12.4% at bar 20,-11.976798017483176,-15.244682879006556,-3.2678848615233793,2.7658323794202078,False
0.12,2022-07-06,MRF,DD -14.8% at bar 55,9.013767543991417,13.026592853767994,4.012825309776577,3.751049091205161,False
0.12,2022-07-06,PFC,DD -12.9% at bar 57,-1.7354596622889353,-1.5478424015009467,0.18761726078798868,0.8591885441527447,False
0.12,2022-07-06,TCS,DD -12.1% at bar 49,-7.1133941577857795,-6.006286897186228,1.1071072605995518,2.4151479133650122,False
0.12,2022-07-06,POWERGRID,DD -14.8% at bar 54,-4.56158134820072,-0.5005068423720173,4.061074505828703,5.649229952203938,True
0.12,2022-07-06,EXIDEIND,DD -12.4% at bar 60,10.366713681241176,10.860366713681223,0.4936530324400472,0.7667731629392938,False
0.12,2022-10-07,IRFC,DD -12.0% at bar 43,56.44028103044495,53.161592505854806,-3.2786885245901445,6.736526946107779,True
0.12,2022-10-07,RELAXO,DD -12.1% at bar 53,-12.491342633818146,-11.308993766696355,1.1823488671217905,3.408898185312914,False
0.12,2022-10-07,SJVN,DD -13.1% at bar 51,3.3639143730886674,5.3516819571865435,1.9877675840978761,3.698224852071008,False
0.12,2022-10-07,RVNL,DD -12.0% at bar 41,96.25000000000001,101.25000000000001,5.0,4.741684359518739,False
0.12,2023-01-06,UBL,DD -12.8% at bar 25,-11.797532502790261,-16.51835540406021,-4.720822901269948,0.9541723666210755,False
0.12,2023-01-06,TCS,DD -12.7% at bar 50,-2.5143622238482974,0.9372421416449972,3.451604365493295,4.235339210425448,False
0.12,2023-01-06,RELAXO,DD -13.6% at bar 20,-11.618697010263274,-9.1979027219991,2.420794288264174,8.046702429788578,True
0.12,2024-01-15,HINDUNILVR,DD -12.9% at bar 46,-12.857531478314936,-13.928182807399335,-1.0706513290843986,1.9778357526701873,False
0.12,2024-01-15,HDFCBANK,DD -12.4% at bar 4,-11.593735054997614,-10.646819703491149,0.9469153515064654,4.780709465399036,False
0.12,2024-01-15,VINATIORGA,DD -13.4% at bar 50,-14.604262237965276,-4.869055223273905,9.735207014691373,11.400108799129605,True
0.12,2024-01-15,ASIANPAINT,DD -13.0% at bar 29,-12.656159320687863,-14.239897370109052,-1.5837380494211892,2.0545190676854785,False
0.12,2024-01-15,MRF,DD -12.7% at bar 46,-3.2473529411764663,-4.976838235294117,-1.729485294117651,4.186843953197794,False
0.12,2024-04-18,KOTAKBANK,DD -12.7% at bar 6,-8.190849307401717,1.9504687281376718,10.141318035539388,12.972445744940252,True
0.12,2024-07-19,BATAINDIA,DD -12.5% at bar 16,-7.940674629216433,-3.8620553878461683,4.078619241370265,4.637154262902765,False
0.12,2024-10-18,RELAXO,DD -12.6% at bar 18,-13.3047759094687,-26.04692794578351,-12.742152036314808,0.8775811209439599,False
0.12,2024-10-18,PIDILITIND,DD -13.0% at bar 58,-11.77889447236181,-12.444723618090446,-0.6658291457286367,0.1566416040100327,False
0.12,2024-10-18,ASIANPAINT,DD -16.6% at bar 16,-17.288571762779277,-23.78223016894206,-6.493658406162783,1.2182556518576915,False
0.12,2024-10-18,SHREECEM,DD -12.3% at bar 58,3.30911295875685,3.3740660424867164,0.06495308372986619,1.1430470111658542,False
0.12,2024-10-18,MRF,DD -12.1% at bar 57,-12.701065667835628,-12.096328430723084,0.6047372371125448,1.2918149655144262,False
0.12,2025-01-20,SUNPHARMA,DD -13.1% at bar 29,-10.8618023337551,1.4424293547026623,12.304231688457763,13.803545517632966,True
0.12,2025-01-20,ITC,DD -12.4% at bar 22,-7.151016678090018,-1.7477724468814204,5.403244231208598,6.692913385826782,True
0.12,2025-01-20,DRREDDY,DD -13.4% at bar 27,-13.57545974584405,-7.82047836603063,5.75498137981342,7.529652170050194,True
0.12,2025-01-20,TITAN,DD -14.5% at bar 29,-8.877226698203858,0.010348141030376496,8.887574839234235,9.753406878650228,True
0.12,2025-01-20,TCS,DD -12.7% at bar 27,-11.409338368728235,-16.582470940212865,-5.173132571484629,1.251193755103741,False
0.12,2025-01-20,APOLLOHOSP,DD -12.8% at bar 29,-8.999609193537683,5.584108187026694,14.583717380564376,16.025994230706896,True
0.12,2025-01-20,ULTRACEMCO,DD -13.0% at bar 29,-2.6697852594722686,14.443571196626642,17.113356456098913,17.582778895249884,True
0.12,2025-01-20,RATNAMANI,DD -12.8% at bar 17,-14.798213777993345,-9.6854041578164,5.112809620176945,8.432954478534826,True
0.12,2025-04-24,TCS,DD -12.8% at bar 61,-7.114299153339605,-6.541039510818439,0.5732596425211662,0.6171667299658123,False
0.12,2025-10-24,ITC,DD -13.7% at bar 47,-16.014875239923224,-23.548464491362772,-7.5335892514395475,0.0,False
0.12,2025-10-24,ACC,DD -12.8% at bar 62,-8.76709367061239,-8.76709367061239,0.0,0.0,False
0.12,2025-10-24,RELIANCE,DD -12.5% at bar 59,-3.237806558280518,-4.898043538164778,-1.6602369798842598,0.0,False
0.12,2026-01-27,HDFCBANK,DD -12.5% at bar 31,-10.109024179620032,-16.69905008635578,-6.590025906735747,1.513059141398987,False
0.12,2026-01-27,SBIN,DD -14.7% at bar 33,1.2866163414518306,1.4527845036319569,0.1661681621801263,4.232680228742836,False
0.12,2026-01-27,LT,DD -12.1% at bar 26,6.623897777073753,5.971804213527636,-0.6520935635461171,2.008071904325659,False
0.12,2026-01-27,UBL,DD -12.4% at bar 43,11.281258780556348,2.458555774093847,-8.8227030064625,0.0,False
0.12,2026-01-27,PIDILITIND,DD -13.7% at bar 37,-7.317578772802659,-4.94057490326147,2.3770038695411895,5.792887497204213,True
0.12,2026-01-27,SHREECEM,DD -14.2% at bar 29,-11.976487876561352,-11.113152094048493,0.8633357825128591,7.408180300500833,True
0.12,2026-01-27,ULTRACEMCO,DD -12.8% at bar 29,-7.42711891333704,-7.967273016125189,-0.5401541027881489,4.6250214518620325,False
0.12,2026-01-27,BHARTIARTL,DD -12.2% at bar 34,-7.41866828823351,-4.388365257930483,3.0303030303030276,3.344280240831954,False
0.12,2026-01-27,IRCTC,DD -14.2% at bar 26,-7.4979423868312685,-11.185185185185192,-3.6872427983539238,0.5783432689741019,False
